"","neutral","intelligence","strength","speed","durability","power","combat"
"1",TRUE,44,14,17,100,100,40
"2",TRUE,75,10,83,97,24,90
"3",TRUE,44,95,35,70,24,70
"4",TRUE,50,18,47,10,12,28
"5",TRUE,63,14,17,10,62,80
"6",TRUE,63,100,100,28,62,70
"7",TRUE,63,95,29,100,33,70
"8",TRUE,44,12,50,100,49,40
"9",TRUE,50,10,23,100,12,80
"10",TRUE,50,34,29,97,24,90
"11",TRUE,50,75,83,100,62,70
"12",TRUE,100,95,42,100,36,90
"13",TRUE,50,14,47,10,100,30
"14",TRUE,50,34,83,100,62,70
"15",TRUE,63,100,47,56,100,80
"16",TRUE,100,100,29,100,36,90
"17",TRUE,50,10,42,70,62,95
"18",TRUE,38,100,17,97,62,70
"19",TRUE,63,15,30,100,24,100
"20",TRUE,50,34,30,28,100,85
"21",TRUE,50,12,83,100,62,56
"22",TRUE,44,75,35,28,95,30
"23",TRUE,44,10,35,100,36,70
"24",TRUE,50,10,58,100,24,85
"25",TRUE,75,100,42,70,12,40
"26",TRUE,75,10,58,10,100,90
"27",TRUE,50,18,35,100,74,85
"28",TRUE,50,75,23,28,62,80
"29",TRUE,50,75,42,100,100,95
"30",TRUE,75,10,83,56,49,28
"31",TRUE,50,34,47,100,100,28
"32",TRUE,50,18,35,70,33,100
"33",TRUE,75,12,17,100,74,30
"34",TRUE,75,12,35,70,100,100
"35",TRUE,50,15,17,10,100,90
"36",TRUE,44,14,83,70,36,100
"37",TRUE,100,75,23,70,100,90
"38",TRUE,50,10,50,70,100,90
"39",TRUE,50,95,35,70,24,30
"40",TRUE,63,100,58,100,49,85
"41",TRUE,50,34,50,100,49,70
"42",TRUE,75,75,50,97,62,90
"43",TRUE,100,95,35,97,36,80
"44",TRUE,75,15,35,100,33,40
"45",TRUE,44,75,23,100,95,56
"46",TRUE,44,18,29,100,74,56
"47",TRUE,75,75,83,100,62,95
"48",TRUE,50,14,58,28,74,90
"49",TRUE,63,100,42,97,33,95
"50",TRUE,50,30,83,10,100,100
"51",TRUE,100,34,47,100,24,40
"52",TRUE,63,100,47,100,62,85
"53",TRUE,50,100,17,97,100,28
"54",TRUE,50,15,50,100,36,30
"55",TRUE,75,14,100,10,62,70
"56",TRUE,50,15,58,10,74,30
"57",TRUE,50,10,23,70,100,40
"58",TRUE,50,95,83,97,33,56
"59",TRUE,50,75,58,28,24,28
"60",TRUE,75,95,42,100,24,95
"61",TRUE,50,14,50,97,49,28
"62",TRUE,44,30,50,100,62,70
"63",TRUE,50,12,17,100,12,90
"64",TRUE,50,100,100,70,74,30
"65",TRUE,50,12,23,28,100,90
"66",TRUE,38,100,29,10,36,70
"67",TRUE,50,100,29,100,100,100
"68",TRUE,75,30,30,100,74,80
"69",TRUE,75,10,35,10,100,100
"70",TRUE,75,15,29,100,62,90
"71",TRUE,63,14,58,100,24,80
"72",TRUE,63,100,17,100,74,70
"73",TRUE,50,75,42,97,33,28
"74",TRUE,50,34,29,28,24,40
"75",TRUE,50,95,42,28,33,30
"76",TRUE,100,100,50,70,49,40
"77",TRUE,38,10,30,100,62,100
"78",TRUE,50,12,35,100,100,95
"79",TRUE,38,75,17,28,62,40
"80",TRUE,44,100,83,56,12,70
"81",TRUE,50,95,35,100,62,70
"82",TRUE,75,18,50,70,12,40
"83",TRUE,50,12,100,28,12,80
"84",TRUE,100,95,42,10,74,70
"85",TRUE,100,95,58,100,24,100
"86",TRUE,50,100,83,97,62,70
"87",TRUE,75,75,23,100,62,90
"88",TRUE,50,95,58,100,12,30
"89",TRUE,50,100,47,100,100,40
"90",TRUE,50,100,17,70,62,70
"91",TRUE,75,100,23,100,12,100
"92",TRUE,75,95,17,28,49,95
"93",TRUE,50,14,17,100,36,80
"94",TRUE,44,100,58,100,95,90
"95",TRUE,63,100,29,100,95,95
"96",TRUE,38,100,58,10,100,70
"97",TRUE,75,18,58,10,74,90
"98",TRUE,75,14,42,100,62,90
"99",TRUE,50,75,30,10,12,56
"100",TRUE,75,10,47,100,49,56
"101",TRUE,38,14,35,97,95,56
"102",TRUE,38,34,23,70,62,70
"103",TRUE,50,30,100,100,36,95
"104",TRUE,50,15,29,100,95,40
"105",TRUE,50,18,29,100,33,100
"106",TRUE,75,75,100,100,62,90
"107",TRUE,38,18,17,100,95,100
"108",TRUE,50,14,58,56,12,56
"109",TRUE,75,75,47,100,95,90
"110",TRUE,63,30,42,100,33,30
"111",TRUE,50,75,47,70,12,90
"112",TRUE,63,15,47,100,95,90
"113",TRUE,50,100,42,70,74,40
"114",TRUE,75,30,23,28,62,40
"115",TRUE,63,10,29,56,100,56
"116",TRUE,50,10,58,70,95,28
"117",TRUE,38,18,47,100,74,40
"118",TRUE,75,30,42,100,100,70
"119",TRUE,38,75,42,56,62,70
"120",TRUE,75,12,47,28,95,85
"121",TRUE,75,30,58,100,62,30
"122",TRUE,50,34,100,28,74,80
"123",TRUE,50,100,47,100,95,56
"124",TRUE,100,12,100,97,49,40
"125",TRUE,44,100,58,100,74,56
"126",TRUE,75,18,42,28,62,90
"127",TRUE,38,15,35,70,24,70
"128",TRUE,75,12,50,97,49,56
"129",TRUE,50,12,58,10,12,90
"130",TRUE,50,30,29,28,36,30
"131",TRUE,75,10,58,28,62,70
"132",TRUE,44,100,29,100,74,30
"133",TRUE,38,18,17,28,36,70
"134",TRUE,44,14,17,100,95,95
"135",TRUE,75,12,30,97,24,30
"136",TRUE,75,75,50,97,100,40
"137",TRUE,100,15,83,70,33,85
"138",TRUE,75,12,42,100,12,95
"139",TRUE,75,14,83,97,36,85
"140",TRUE,75,30,83,28,100,85
"141",TRUE,44,100,17,100,74,30
"142",TRUE,75,10,47,100,100,80
"143",TRUE,100,100,17,100,12,70
"144",TRUE,75,75,23,97,95,70
"145",TRUE,50,10,42,100,33,90
"146",TRUE,50,15,100,100,95,70
"147",TRUE,44,95,47,100,100,95
"148",TRUE,100,100,30,70,100,85
"149",TRUE,44,95,50,70,62,30
"150",TRUE,75,34,100,56,100,90
"151",TRUE,50,100,100,100,49,70
"152",TRUE,50,95,29,100,62,28
"153",TRUE,50,75,35,100,33,80
"154",TRUE,50,100,23,100,36,30
"155",TRUE,50,34,50,100,74,90
"156",TRUE,50,14,23,97,33,90
"157",TRUE,50,95,35,70,24,95
"158",TRUE,38,75,100,28,12,80
"159",TRUE,75,10,23,28,62,28
"160",TRUE,50,100,17,28,33,70
"161",TRUE,50,12,23,70,62,28
"162",TRUE,50,30,83,10,100,85
"163",TRUE,75,12,83,70,100,85
"164",TRUE,75,95,47,100,36,90
"165",TRUE,63,95,58,100,74,95
"166",TRUE,50,18,35,28,95,56
"167",TRUE,75,15,58,100,12,80
"168",TRUE,50,100,100,56,95,90
"169",TRUE,50,95,29,28,100,85
"170",TRUE,63,30,83,70,95,40
"171",TRUE,75,18,17,100,95,95
"172",TRUE,63,75,30,70,33,40
"173",TRUE,75,95,42,70,95,28
"174",TRUE,100,18,30,100,100,90
"175",TRUE,100,18,17,10,33,95
"176",TRUE,44,75,50,10,95,30
"177",TRUE,44,14,17,97,62,40
"178",TRUE,63,100,42,70,62,40
"179",TRUE,50,12,50,28,100,85
"180",TRUE,50,15,42,100,24,40
"181",TRUE,50,15,47,100,24,100
"182",TRUE,75,10,58,10,100,95
"183",TRUE,75,100,58,70,33,90
"184",TRUE,63,30,42,97,36,28
"185",TRUE,75,100,29,28,74,40
"186",TRUE,50,18,100,28,74,70
"187",TRUE,75,12,58,100,95,95
"188",TRUE,44,18,100,70,62,70
"189",TRUE,50,10,35,100,62,85
"190",TRUE,50,75,23,100,12,80
"191",TRUE,50,100,23,28,36,56
"192",TRUE,75,18,42,100,49,95
"193",TRUE,50,12,23,56,24,80
"194",TRUE,100,15,23,100,100,80
"195",TRUE,75,14,100,70,74,70
"196",TRUE,63,95,42,56,12,70
"197",TRUE,63,15,17,70,62,30
"198",TRUE,50,15,47,28,62,28
"199",TRUE,75,100,100,10,62,40
"200",TRUE,75,18,30,10,12,85
"201",TRUE,75,14,100,56,100,56
"202",TRUE,75,95,30,100,100,70
"203",TRUE,50,100,29,10,74,70
"204",TRUE,50,10,100,100,12,28
"205",TRUE,50,100,83,56,100,30
"206",TRUE,44,75,100,100,36,100
"207",TRUE,50,100,23,100,100,28
"208",TRUE,50,14,47,70,62,90
"209",TRUE,75,12,47,70,100,70
"210",TRUE,50,100,17,10,49,100
"211",TRUE,50,75,35,10,74,30
"212",TRUE,100,18,58,97,49,90
"213",TRUE,38,12,29,70,62,28
"214",TRUE,44,14,42,70,100,56
"215",TRUE,63,10,17,100,62,95
"216",TRUE,50,95,58,10,36,90
"217",TRUE,50,100,47,10,12,40
"218",TRUE,75,14,35,100,62,70
"219",TRUE,75,15,35,97,12,85
"220",TRUE,50,100,83,56,62,85
"221",TRUE,44,14,23,100,24,28
"222",TRUE,44,12,100,97,49,80
"223",TRUE,50,14,83,10,100,40
"224",TRUE,50,10,30,100,95,56
"225",TRUE,100,14,100,100,95,70
"226",TRUE,50,12,100,100,62,85
"227",TRUE,100,100,42,56,62,80
"228",TRUE,50,95,83,100,36,70
"229",TRUE,38,75,23,100,74,100
"230",TRUE,50,14,23,70,12,85
"231",TRUE,75,18,47,56,95,30
"232",TRUE,50,75,17,100,24,56
"233",TRUE,38,75,29,56,49,100
"234",TRUE,50,15,42,28,33,70
"235",TRUE,75,100,58,100,36,80
"236",TRUE,75,100,35,100,62,70
"237",TRUE,75,12,23,100,49,56
"238",TRUE,38,18,17,100,62,40
"239",TRUE,75,100,42,97,62,100
"240",TRUE,50,95,42,97,62,56
"241",TRUE,75,10,83,97,74,85
"242",TRUE,75,10,42,28,33,40
"243",TRUE,75,100,17,56,95,70
"244",TRUE,50,95,23,100,100,70
"245",TRUE,50,75,29,100,24,40
"246",TRUE,75,10,35,100,74,70
"247",TRUE,50,15,47,100,74,90
"248",TRUE,75,10,29,56,100,70
"249",TRUE,44,95,47,70,74,100
"250",TRUE,63,100,58,56,62,28
"251",TRUE,38,10,35,100,36,100
"252",TRUE,50,12,83,28,100,70
"253",TRUE,75,30,50,10,49,80
"254",TRUE,100,30,35,28,74,70
"255",TRUE,63,100,47,28,100,70
"256",TRUE,100,100,29,10,49,95
"257",TRUE,75,100,83,100,49,40
"258",TRUE,63,30,35,97,24,30
"259",TRUE,75,95,29,10,74,56
"260",TRUE,75,34,50,100,33,80
"261",TRUE,44,15,58,10,62,28
"262",TRUE,50,12,17,100,24,80
"263",TRUE,50,12,35,70,100,70
"264",TRUE,75,34,23,70,36,90
"265",TRUE,75,100,30,100,12,90
"266",TRUE,50,95,23,100,74,70
"267",TRUE,50,100,42,100,100,95
"268",TRUE,63,12,83,28,95,70
"269",TRUE,50,34,23,10,49,30
"270",TRUE,63,15,30,70,62,70
"271",TRUE,50,15,35,56,74,70
"272",TRUE,50,34,58,100,62,80
"273",TRUE,50,95,50,100,12,40
"274",TRUE,75,75,17,28,100,70
"275",TRUE,38,100,17,28,95,28
"276",TRUE,50,100,47,10,100,80
"277",TRUE,50,10,47,100,49,90
"278",TRUE,100,100,30,28,12,56
"279",TRUE,50,12,58,100,100,56
"280",TRUE,44,34,23,70,12,100
"281",TRUE,63,12,29,100,24,70
"282",TRUE,44,15,58,28,12,28
"283",TRUE,44,12,42,100,62,85
"284",TRUE,75,30,35,97,12,28
"285",TRUE,44,30,23,97,49,80
"286",TRUE,75,15,58,100,100,70
"287",TRUE,50,100,42,56,100,30
"288",TRUE,75,15,23,100,24,100
"289",TRUE,44,15,30,28,24,56
"290",TRUE,50,15,35,97,12,80
"291",TRUE,63,100,100,97,62,95
"292",TRUE,50,34,29,100,33,40
"293",TRUE,75,18,42,70,100,70
"294",TRUE,100,95,29,70,95,85
"295",TRUE,75,15,50,100,74,56
"296",TRUE,75,14,100,28,100,30
"297",TRUE,44,18,23,10,62,90
"298",TRUE,50,75,17,100,62,100
"299",TRUE,75,100,83,28,74,85
"300",TRUE,63,34,29,28,12,40
"301",TRUE,50,12,42,70,49,80
"302",TRUE,50,10,58,10,24,28
"303",TRUE,38,100,58,56,95,90
"304",TRUE,50,12,47,100,24,30
"305",TRUE,50,18,23,10,100,30
"306",TRUE,63,10,50,97,74,70
"307",TRUE,50,75,23,100,95,40
"308",TRUE,38,10,100,100,12,56
"309",TRUE,75,34,42,28,95,100
"310",TRUE,50,10,100,28,100,90
"311",TRUE,50,18,100,100,24,100
"312",TRUE,100,12,42,100,95,40
"313",TRUE,50,14,100,10,74,40
"314",TRUE,75,10,47,70,12,100
"315",TRUE,63,15,23,100,100,100
"316",TRUE,100,100,29,70,74,95
"317",TRUE,50,75,83,100,36,40
"318",TRUE,75,100,100,70,62,40
"319",TRUE,50,95,58,100,62,28
"320",TRUE,75,100,58,10,95,95
"321",TRUE,50,75,58,100,24,40
"322",TRUE,100,14,29,100,100,95
"323",TRUE,50,14,17,70,24,28
"324",TRUE,63,14,17,100,49,70
"325",TRUE,75,75,100,97,95,70
"326",TRUE,44,30,47,70,12,80
"327",TRUE,75,14,83,70,36,90
"328",TRUE,100,100,23,100,100,80
"329",TRUE,50,10,35,100,74,85
"330",TRUE,50,100,83,100,36,28
"331",TRUE,75,95,100,100,100,85
"332",TRUE,50,100,50,100,36,85
"333",TRUE,75,34,100,100,95,70
"334",TRUE,50,15,47,10,62,80
"335",TRUE,75,34,83,28,74,85
"336",TRUE,50,15,83,100,100,70
"337",TRUE,75,34,47,28,62,56
"338",TRUE,63,14,35,100,24,90
"339",TRUE,50,18,29,100,62,90
"340",TRUE,50,15,83,100,100,100
"341",TRUE,75,30,58,100,100,56
"342",TRUE,75,95,35,56,12,90
"343",TRUE,50,100,17,28,95,80
"344",TRUE,38,30,58,100,12,70
"345",TRUE,63,95,29,10,62,56
"346",TRUE,50,100,100,100,74,70
"347",TRUE,44,10,42,100,12,70
"348",TRUE,50,100,58,100,36,70
"349",TRUE,100,18,30,56,24,70
"350",TRUE,63,10,47,70,62,70
"351",TRUE,75,100,47,28,12,56
"352",TRUE,63,30,17,97,100,80
"353",TRUE,50,14,83,100,74,30
"354",TRUE,38,10,29,100,36,70
"355",TRUE,44,18,58,10,74,100
"356",TRUE,50,30,50,100,95,95
"357",TRUE,75,15,47,70,74,40
"358",TRUE,38,100,50,70,62,100
"359",TRUE,63,100,83,70,12,30
"360",TRUE,50,95,83,100,74,56
"361",TRUE,75,100,35,100,95,40
"362",TRUE,100,95,42,100,100,85
"363",TRUE,50,15,42,100,12,100
"364",TRUE,63,14,100,100,100,100
"365",TRUE,75,75,29,10,100,80
"366",TRUE,50,34,23,70,100,56
"367",TRUE,75,14,23,56,95,80
"368",TRUE,75,30,83,100,62,80
"369",TRUE,50,30,58,97,62,28
"370",TRUE,75,100,29,70,24,70
"371",TRUE,50,100,50,28,49,70
"372",TRUE,63,100,42,97,74,28
"373",TRUE,50,34,35,100,74,80
"374",TRUE,50,75,42,100,62,90
"375",TRUE,38,14,42,70,49,80
"376",TRUE,38,10,35,70,36,90
"377",TRUE,50,10,58,28,100,56
"378",TRUE,50,100,100,28,33,56
"379",TRUE,75,14,23,70,74,85
"380",TRUE,75,100,17,100,95,56
"381",TRUE,100,14,17,10,62,85
"382",TRUE,75,12,83,56,36,56
"383",TRUE,75,30,47,28,74,30
"384",TRUE,75,18,23,100,12,40
"385",TRUE,75,75,83,97,95,30
"386",TRUE,63,95,50,100,100,30
"387",TRUE,75,18,47,100,100,56
"388",TRUE,63,18,17,97,95,28
"389",TRUE,100,30,30,70,49,28
"390",TRUE,75,10,17,97,74,95
"391",TRUE,50,100,29,10,49,85
"392",TRUE,75,14,100,10,49,70
"393",TRUE,50,100,23,100,62,28
"394",TRUE,100,95,42,70,49,70
"395",TRUE,44,12,58,100,95,56
"396",TRUE,75,100,23,70,24,95
"397",TRUE,50,34,100,28,74,80
"398",TRUE,50,75,35,10,95,70
"399",TRUE,75,100,23,100,62,90
"400",TRUE,50,14,17,70,74,70
"401",TRUE,50,30,42,100,100,30
"402",TRUE,100,12,100,70,36,30
"403",TRUE,50,95,58,100,62,90
"404",TRUE,63,10,35,100,49,70
"405",TRUE,100,95,50,97,49,30
"406",TRUE,50,12,29,97,100,85
"407",TRUE,63,75,50,56,95,70
"408",TRUE,75,95,50,10,95,85
"409",TRUE,75,95,17,70,95,95
"410",TRUE,50,100,50,100,62,30
"411",TRUE,100,100,35,97,95,56
"412",TRUE,75,18,42,100,100,85
"413",TRUE,50,14,47,56,95,100
"414",TRUE,50,14,23,97,33,70
"415",TRUE,100,100,23,100,74,100
"416",TRUE,75,34,17,100,74,70
"417",TRUE,50,18,47,100,49,80
"418",TRUE,100,14,17,100,100,30
"419",TRUE,50,10,50,70,95,70
"420",TRUE,50,14,83,100,95,56
"421",TRUE,63,10,17,100,33,90
"422",TRUE,38,10,47,100,62,80
"423",TRUE,44,15,35,28,62,100
"424",TRUE,50,10,35,56,36,80
"425",TRUE,50,12,17,100,100,90
"426",TRUE,75,95,50,97,100,30
"427",TRUE,50,75,35,97,62,40
"428",TRUE,50,34,50,100,62,28
"429",TRUE,50,15,50,100,100,28
"430",TRUE,100,30,83,56,62,90
"431",TRUE,50,14,42,97,62,80
"432",TRUE,75,30,17,70,74,28
"433",TRUE,75,100,35,10,95,95
"434",TRUE,38,34,30,100,33,95
"435",TRUE,50,30,42,100,12,95
"436",TRUE,38,30,29,70,74,95
"437",TRUE,38,34,17,100,100,70
"438",TRUE,50,30,30,100,49,56
"439",TRUE,50,34,58,100,62,40
"440",TRUE,63,12,42,97,100,56
"441",TRUE,75,75,42,100,12,90
"442",TRUE,75,14,35,28,74,90
"443",TRUE,50,14,42,100,49,56
"444",TRUE,50,100,23,100,100,95
"445",TRUE,75,95,100,70,36,56
"446",TRUE,75,14,35,100,49,70
"447",TRUE,75,15,17,70,62,30
"448",TRUE,50,100,23,100,95,100
"449",TRUE,75,75,47,28,49,70
"450",TRUE,50,34,17,70,24,40
"451",TRUE,75,30,17,56,74,28
"452",TRUE,50,14,47,56,62,56
"453",TRUE,75,100,17,28,62,95
"454",TRUE,75,30,42,70,95,90
"455",TRUE,75,95,35,97,49,90
"456",TRUE,75,18,17,70,74,100
"457",TRUE,38,15,100,100,100,90
"458",TRUE,50,100,42,28,36,90
"459",TRUE,50,75,100,56,36,56
"460",TRUE,50,12,83,100,33,95
"461",TRUE,75,10,30,100,36,28
"462",TRUE,44,100,23,100,24,28
"463",TRUE,50,34,50,28,49,28
"464",TRUE,75,100,42,56,62,28
"465",TRUE,38,14,83,56,49,70
"466",TRUE,75,18,100,100,100,28
"467",TRUE,50,12,29,10,100,95
"468",TRUE,63,100,50,28,36,90
"469",TRUE,38,15,29,56,95,80
"470",TRUE,38,95,42,100,95,95
"471",TRUE,38,30,23,100,24,100
"472",TRUE,75,100,17,70,62,56
"473",TRUE,63,30,30,10,100,90
"474",TRUE,50,14,30,56,74,70
"475",TRUE,44,30,17,56,74,70
"476",TRUE,100,15,100,10,100,80
"477",TRUE,75,12,35,56,62,56
"478",TRUE,75,15,30,70,62,56
"479",TRUE,75,12,83,56,62,70
"480",TRUE,50,30,58,100,49,80
"481",TRUE,38,100,17,70,33,56
"482",TRUE,38,15,58,56,33,56
"483",TRUE,100,100,42,100,12,70
"484",TRUE,44,18,35,70,33,80
"485",TRUE,38,18,23,100,49,100
"486",TRUE,50,15,42,70,62,70
"487",TRUE,50,10,42,28,62,85
"488",TRUE,50,95,42,100,62,70
"489",TRUE,50,12,35,100,62,30
"490",TRUE,63,100,30,100,100,56
"491",TRUE,75,100,35,100,33,100
"492",TRUE,75,100,58,100,74,90
"493",TRUE,75,14,17,70,62,95
"494",TRUE,100,34,35,97,62,28
"495",TRUE,75,100,42,97,33,100
"496",TRUE,38,34,58,28,33,80
"497",TRUE,44,100,17,100,100,70
"498",TRUE,75,100,17,56,100,40
"499",TRUE,75,75,17,70,33,40
"500",TRUE,75,30,42,100,36,28
"501",FALSE,69,1,17,42,99,55
"502",FALSE,50,1,1,100,62,1
"503",FALSE,69,28,23,70,99,1
"504",FALSE,38,10,21,42,0,42
"505",FALSE,75,32,1,28,0,1
"506",FALSE,75,72,12,32,70,1
"507",FALSE,88,10,1,90,0,100
"508",FALSE,38,1,1,90,52,65
"509",FALSE,38,80,1,1,0,100
"510",FALSE,38,53,1,1,89,1
"511",FALSE,1,1,23,99,66,1
"512",FALSE,69,18,54,1,72,60
"513",FALSE,63,10,1,42,0,42
"514",FALSE,63,10,45,64,51,100
"515",FALSE,63,53,53,1,0,85
"516",FALSE,38,10,23,28,66,14
"517",FALSE,75,80,54,64,53,1
"518",FALSE,81,85,53,1,0,1
"519",FALSE,63,1,50,1,85,1
"520",FALSE,50,10,35,28,0,80
"521",FALSE,75,10,100,42,46,75
"522",FALSE,38,10,27,20,0,85
"523",FALSE,63,90,40,1,30,1
"524",FALSE,63,1,1,85,0,56
"525",FALSE,1,1,65,14,41,1
"526",FALSE,1,1,21,75,0,1
"527",FALSE,75,90,12,60,56,56
"528",FALSE,1,1,83,90,36,1
"529",FALSE,38,10,50,40,37,74
"530",FALSE,10,83,58,1,24,80
"531",FALSE,1,10,35,90,0,74
"532",FALSE,81,1,46,85,71,64
"533",FALSE,50,1,1,56,36,1
"534",FALSE,1,5,35,100,53,56
"535",FALSE,63,80,33,1,35,60
"536",FALSE,1,1,23,95,0,1
"537",FALSE,63,32,23,64,0,54
"538",FALSE,75,67,1,1,98,70
"539",FALSE,88,100,21,85,31,1
"540",FALSE,75,1,23,100,26,1
"541",FALSE,1,1,27,1,63,1
"542",FALSE,50,1,27,42,52,1
"543",FALSE,63,1,58,46,76,1
"544",FALSE,55,63,92,90,20,72
"545",FALSE,1,80,1,42,0,42
"546",FALSE,38,10,1,1,61,75
"547",FALSE,88,38,23,20,51,64
"548",FALSE,63,1,43,42,0,70
"549",FALSE,1,80,47,100,47,1
"550",FALSE,1,1,33,28,51,1
"551",FALSE,25,1,23,42,100,1
"552",FALSE,38,1,1,1,22,28
"553",FALSE,1,32,96,1,71,84
"554",FALSE,88,1,70,32,79,48
"555",FALSE,1,85,1,1,0,56
"556",FALSE,100,80,35,28,87,30
"557",FALSE,38,48,1,1,0,1
"558",FALSE,1,10,1,50,82,1
"559",FALSE,63,22,20,28,23,100
"560",FALSE,63,10,67,80,0,64
"561",FALSE,50,100,33,14,48,50
"562",FALSE,1,1,63,1,100,28
"563",FALSE,63,12,23,100,1,50
"564",FALSE,63,16,33,1,52,56
"565",FALSE,50,10,1,90,64,52
"566",FALSE,1,1,1,14,0,85
"567",FALSE,88,32,1,80,31,54
"568",FALSE,1,57,23,42,0,1
"569",FALSE,75,10,50,1,55,70
"570",FALSE,1,1,35,90,0,65
"571",FALSE,88,38,1,80,94,100
"572",FALSE,50,1,8,95,28,1
"573",FALSE,75,7,1,10,33,1
"574",FALSE,88,32,42,1,0,6
"575",FALSE,1,28,1,100,0,70
"576",FALSE,69,1,35,1,28,84
"577",FALSE,50,85,1,80,55,72
"578",FALSE,1,1,1,56,66,64
"579",FALSE,1,1,23,1,0,1
"580",FALSE,38,1,42,64,63,84
"581",FALSE,75,85,25,95,100,32
"582",FALSE,88,12,79,70,71,100
"583",FALSE,1,10,1,100,26,1
"584",FALSE,1,36,1,1,69,1
"585",FALSE,50,1,53,85,0,32
"586",FALSE,63,10,35,99,72,1
"587",FALSE,81,13,45,1,56,1
"588",FALSE,1,1,35,28,48,90
"589",FALSE,63,90,23,28,13,1
"590",FALSE,63,6,1,85,36,75
"591",FALSE,1,100,45,28,97,64
"592",FALSE,1,10,17,80,92,85
"593",FALSE,100,8,35,90,33,1
"594",FALSE,75,1,27,100,89,100
"595",FALSE,75,10,35,60,74,1
"596",FALSE,63,36,33,1,74,85
"597",FALSE,63,90,20,28,69,76
"598",FALSE,75,100,35,90,69,42
"599",FALSE,50,100,35,42,0,14
"600",FALSE,1,1,17,75,71,60
"601",FALSE,63,81,1,32,23,1
"602",FALSE,1,1,1,100,57,40
"603",FALSE,63,13,42,1,0,42
"604",FALSE,63,10,23,1,100,100
"605",FALSE,63,18,96,95,41,1
"606",FALSE,63,10,1,10,0,10
"607",FALSE,1,11,42,100,0,1
"608",FALSE,1,1,25,95,0,1
"609",FALSE,1,1,83,85,0,56
"610",FALSE,56,52,1,14,0,85
"611",FALSE,75,19,27,28,79,64
"612",FALSE,1,1,60,64,0,64
"613",FALSE,10,1,33,42,0,32
"614",FALSE,63,1,100,14,46,80
"615",FALSE,1,8,1,10,94,1
"616",FALSE,1,28,1,1,38,85
"617",FALSE,38,95,1,32,72,1
"618",FALSE,50,1,23,14,21,1
"619",FALSE,50,10,35,99,100,28
"620",FALSE,50,1,1,95,100,56
"621",FALSE,38,36,27,14,0,70
"622",FALSE,38,38,46,70,0,1
"623",FALSE,1,10,1,70,54,80
"624",FALSE,63,1,50,1,74,1
"625",FALSE,88,81,63,42,20,54
"626",FALSE,50,1,1,40,0,10
"627",FALSE,63,81,1,1,41,90
"628",FALSE,1,53,1,90,47,1
"629",FALSE,75,1,1,28,0,1
"630",FALSE,50,1,33,28,0,84
"631",FALSE,100,32,75,1,100,80
"632",FALSE,63,11,23,85,0,28
"633",FALSE,63,1,1,100,47,70
"634",FALSE,113,10,27,70,89,80
"635",FALSE,56,81,92,80,76,48
"636",FALSE,1,1,54,14,28,1
"637",FALSE,1,80,70,28,0,1
"638",FALSE,56,1,35,1,25,70
"639",FALSE,1,53,65,1,0,1
"640",FALSE,88,1,27,28,49,100
"641",FALSE,75,1,1,64,0,56
"642",FALSE,38,80,1,84,100,84
"643",FALSE,75,1,47,100,60,1
"644",FALSE,63,34,60,28,37,56
"645",FALSE,63,85,23,64,52,85
"646",FALSE,1,11,1,1,19,32
"647",FALSE,1,72,23,28,62,56
"648",FALSE,63,1,23,70,0,100
"649",FALSE,69,1,1,90,26,1
"650",FALSE,100,100,23,70,46,56
"651",FALSE,50,52,67,28,0,64
"652",FALSE,100,1,47,95,0,56
"653",FALSE,50,1,50,50,60,42
"654",FALSE,63,10,25,42,57,56
"655",FALSE,50,85,1,90,93,64
"656",FALSE,1,1,17,1,0,70
"657",FALSE,56,80,65,56,38,54
"658",FALSE,88,12,60,42,44,20
"659",FALSE,1,28,75,80,90,56
"660",FALSE,38,1,1,14,94,1
"661",FALSE,75,100,75,1,0,64
"662",FALSE,63,100,12,1,58,1
"663",FALSE,38,14,83,90,100,45
"664",FALSE,38,13,67,90,72,1
"665",FALSE,63,82,100,84,30,70
"666",FALSE,63,10,23,65,46,64
"667",FALSE,100,10,83,1,0,70
"668",FALSE,63,95,53,1,49,1
"669",FALSE,88,10,27,84,66,85
"670",FALSE,50,53,23,70,50,56
"671",FALSE,1,28,65,40,0,72
"672",FALSE,38,36,1,28,0,56
"673",FALSE,88,4,27,85,11,1
"674",FALSE,75,1,21,64,50,1
"675",FALSE,1,80,1,98,53,28
"676",FALSE,75,53,1,80,70,64
"677",FALSE,1,85,1,20,90,42
"678",FALSE,88,53,1,100,60,1
"679",FALSE,75,10,54,42,28,1
"680",FALSE,1,6,1,42,0,1
"681",FALSE,75,83,1,90,100,56
"682",FALSE,69,1,1,28,88,1
"683",FALSE,75,10,67,1,26,1
"684",FALSE,1,4,1,1,62,42
"685",FALSE,50,1,1,1,79,56
"686",FALSE,25,81,75,100,67,1
"687",FALSE,63,48,35,85,63,100
"688",FALSE,75,51,1,70,0,60
"689",FALSE,69,1,65,1,33,1
"690",FALSE,88,10,23,56,52,80
"691",FALSE,1,1,1,1,0,42
"692",FALSE,75,1,60,90,0,1
"693",FALSE,81,1,1,14,0,100
"694",FALSE,25,10,12,84,0,64
"695",FALSE,75,1,47,1,65,1
"696",FALSE,75,32,38,90,0,64
"697",FALSE,1,1,33,1,100,10
"698",FALSE,100,10,67,1,23,1
"699",FALSE,100,100,27,70,71,1
"700",FALSE,56,80,1,56,65,90
"701",FALSE,1,81,67,56,34,60
"702",FALSE,94,63,12,42,0,72
"703",FALSE,63,90,50,101,0,56
"704",FALSE,50,67,23,1,100,64
"705",FALSE,50,10,12,1,97,1
"706",FALSE,63,100,12,90,0,90
"707",FALSE,63,10,33,1,0,35
"708",FALSE,81,60,23,56,84,1
"709",FALSE,63,90,1,14,0,1
"710",FALSE,63,1,1,32,30,1
"711",FALSE,38,12,1,85,0,90
"712",FALSE,88,1,23,42,20,1
"713",FALSE,63,85,58,1,17,64
"714",FALSE,63,6,33,70,100,50
"715",FALSE,1,8,23,28,0,10
"716",FALSE,63,93,1,80,74,1
"717",FALSE,1,10,1,100,60,1
"718",FALSE,1,85,46,32,23,100
"719",FALSE,1,10,23,20,15,100
"720",FALSE,1,53,54,28,0,28
"721",FALSE,50,1,23,90,22,60
"722",FALSE,50,6,1,90,28,1
"723",FALSE,1,85,1,56,0,64
"724",FALSE,75,80,8,32,45,95
"725",FALSE,1,36,53,1,26,64
"726",FALSE,50,1,21,1,18,1
"727",FALSE,38,1,1,14,0,1
"728",FALSE,50,80,23,100,15,80
"729",FALSE,1,93,23,1,79,40
"730",FALSE,1,10,17,90,37,32
"731",FALSE,63,1,70,28,19,42
"732",FALSE,63,1,18,84,0,50
"733",FALSE,38,10,1,1,20,100
"734",FALSE,100,12,38,1,90,42
"735",FALSE,75,10,23,42,0,1
"736",FALSE,1,10,23,1,0,95
"737",FALSE,38,1,8,56,11,56
"738",FALSE,1,16,79,55,22,100
"739",FALSE,50,10,67,1,0,85
"740",FALSE,63,63,1,42,0,28
"741",FALSE,88,1,75,60,0,56
"742",FALSE,1,31,35,42,0,28
"743",FALSE,1,10,23,1,0,80
"744",FALSE,75,10,1,1,31,56
"745",FALSE,1,63,1,1,0,1
"746",FALSE,38,83,12,100,41,1
"747",FALSE,75,80,75,1,97,10
"748",FALSE,38,1,32,42,5,1
"749",FALSE,1,1,1,56,0,72
"750",FALSE,38,1,1,90,49,56
"751",FALSE,1,1,23,32,67,56
"752",FALSE,88,1,1,100,100,1
"753",FALSE,1,63,13,14,32,14
"754",FALSE,56,80,1,28,29,100
"755",FALSE,1,38,23,1,37,1
"756",FALSE,25,53,12,95,100,85
"757",FALSE,50,1,35,70,32,28
"758",FALSE,75,55,53,70,42,64
"759",FALSE,63,100,12,56,63,56
"760",FALSE,63,1,1,64,78,1
"761",FALSE,1,10,20,80,50,42
"762",FALSE,75,48,100,14,0,80
"763",FALSE,1,48,35,28,35,1
"764",FALSE,1,31,1,14,0,28
"765",FALSE,38,1,13,40,100,64
"766",FALSE,81,16,23,14,59,1
"767",FALSE,75,32,1,1,59,1
"768",FALSE,1,44,1,1,39,42
"769",FALSE,1,100,46,80,0,1
"770",FALSE,1,11,45,100,35,28
"771",FALSE,38,1,23,28,0,1
"772",FALSE,1,1,12,28,32,1
"773",FALSE,100,10,100,1,62,28
"774",FALSE,9,90,1,80,97,70
"775",FALSE,50,57,67,1,52,1
"776",FALSE,1,100,35,1,60,1
"777",FALSE,63,100,92,64,17,1
"778",FALSE,9,32,8,28,0,64
"779",FALSE,81,14,23,1,0,1
"780",FALSE,50,1,23,70,90,1
"781",FALSE,88,48,1,14,100,1
"782",FALSE,56,10,58,100,25,45
"783",FALSE,38,32,35,100,69,14
"784",FALSE,1,1,33,95,48,42
"785",FALSE,88,10,23,52,0,1
"786",FALSE,25,72,1,84,9,85
"787",FALSE,75,8,35,32,78,1
"788",FALSE,88,95,12,1,28,84
"789",FALSE,63,40,12,42,0,1
"790",FALSE,55,9,23,80,0,70
"791",FALSE,1,1,67,28,92,42
"792",FALSE,75,100,1,1,0,60
"793",FALSE,50,9,58,84,100,1
"794",FALSE,1,13,1,28,65,1
"795",FALSE,38,1,53,1,26,20
"796",FALSE,63,1,35,70,0,56
"797",FALSE,75,1,50,1,56,100
"798",FALSE,1,73,1,1,84,70
"799",FALSE,6,63,1,52,59,1
"800",FALSE,50,48,23,38,100,72
"801",FALSE,50,22,75,46,25,28
"802",FALSE,38,80,1,28,70,1
"803",FALSE,75,1,1,50,43,28
"804",FALSE,75,1,58,1,0,28
"805",FALSE,1,32,1,80,49,60
"806",FALSE,1,4,23,10,19,80
"807",FALSE,38,10,27,1,0,1
"808",FALSE,50,1,35,1,10,1
"809",FALSE,50,82,23,42,20,70
"810",FALSE,75,100,47,90,100,95
"811",FALSE,1,95,100,84,100,1
"812",FALSE,38,32,12,1,26,64
"813",FALSE,1,10,23,90,50,14
"814",FALSE,63,10,1,1,100,100
"815",FALSE,63,80,23,56,23,1
"816",FALSE,50,10,8,64,39,95
"817",FALSE,50,80,1,42,0,56
"818",FALSE,75,6,27,1,60,74
"819",FALSE,63,1,1,84,38,42
"820",FALSE,1,36,1,85,0,1
"821",FALSE,63,10,1,28,66,80
"822",FALSE,38,1,92,10,90,42
"823",FALSE,50,10,53,1,0,1
"824",FALSE,50,1,23,14,0,42
"825",FALSE,50,28,60,90,100,42
"826",FALSE,1,28,23,28,34,100
"827",FALSE,38,22,23,14,0,100
"828",FALSE,38,100,42,99,71,1
"829",FALSE,100,63,25,1,49,64
"830",FALSE,69,72,23,56,100,70
"831",FALSE,1,28,27,90,0,40
"832",FALSE,88,10,35,84,52,1
"833",FALSE,50,80,23,25,0,1
"834",FALSE,38,85,1,28,30,1
"835",FALSE,63,80,83,28,0,1
"836",FALSE,1,32,30,28,64,84
"837",FALSE,1,11,35,55,0,100
"838",FALSE,1,88,33,90,0,84
"839",FALSE,1,7,1,28,77,70
"840",FALSE,50,1,8,28,53,80
"841",FALSE,38,1,47,56,0,85
"842",FALSE,50,1,35,95,0,1
"843",FALSE,75,11,23,100,100,64
"844",FALSE,1,53,100,1,0,1
"845",FALSE,1,8,35,28,59,75
"846",FALSE,69,1,1,100,0,56
"847",FALSE,63,10,92,35,21,100
"848",FALSE,1,80,33,1,0,42
"849",FALSE,75,11,1,42,17,1
"850",FALSE,56,44,27,42,0,50
"851",FALSE,50,1,1,1,33,14
"852",FALSE,1,8,67,90,100,45
"853",FALSE,1,98,1,74,0,1
"854",FALSE,1,36,100,120,81,65
"855",FALSE,75,80,75,28,71,42
"856",FALSE,63,1,79,1,27,32
"857",FALSE,38,8,20,50,90,70
"858",FALSE,100,36,12,85,22,56
"859",FALSE,69,8,1,20,20,1
"860",FALSE,25,8,23,1,57,60
"861",FALSE,38,1,8,1,70,1
"862",FALSE,50,10,54,10,100,28
"863",FALSE,38,10,100,90,12,1
"864",FALSE,1,10,23,1,100,1
"865",FALSE,100,10,1,99,28,14
"866",FALSE,63,88,27,84,46,1
"867",FALSE,100,75,67,90,48,42
"868",FALSE,75,38,1,52,69,1
"869",FALSE,100,67,100,50,100,14
"870",FALSE,1,53,83,80,30,70
"871",FALSE,1,32,1,42,57,65
"872",FALSE,1,1,67,99,0,1
"873",FALSE,25,73,50,90,100,64
"874",FALSE,25,44,12,42,42,1
"875",FALSE,88,53,1,56,51,80
"876",FALSE,38,1,23,1,100,80
"877",FALSE,38,28,29,1,67,1
"878",FALSE,63,80,23,95,21,1
"879",FALSE,50,10,42,28,65,80
"880",FALSE,75,90,23,28,60,56
"881",FALSE,1,6,1,28,100,1
"882",FALSE,88,10,67,14,0,95
"883",FALSE,88,80,23,42,30,60
"884",FALSE,50,22,1,20,57,1
"885",FALSE,88,11,27,80,0,28
"886",FALSE,63,14,23,42,10,70
"887",FALSE,38,1,35,1,55,65
"888",FALSE,75,1,27,99,32,1
"889",FALSE,1,100,38,85,60,64
"890",FALSE,75,10,12,100,100,1
"891",FALSE,50,53,47,1,0,1
"892",FALSE,75,16,46,100,19,60
"893",FALSE,1,1,53,1,0,42
"894",FALSE,69,10,92,80,37,72
"895",FALSE,55,10,100,1,44,85
"896",FALSE,63,32,23,70,94,70
"897",FALSE,100,12,12,60,90,1
"898",FALSE,88,1,1,14,29,75
"899",FALSE,63,32,79,70,33,85
"900",FALSE,1,8,1,50,59,100
"901",FALSE,1,38,1,32,30,42
"902",FALSE,38,48,17,14,62,1
"903",FALSE,63,32,23,95,70,1
"904",FALSE,75,1,25,70,0,1
"905",FALSE,1,80,1,35,0,64
"906",FALSE,1,1,13,1,0,42
"907",FALSE,1,82,23,1,0,42
"908",FALSE,100,1,35,84,50,28
"909",FALSE,1,1,58,42,74,52
"910",FALSE,75,28,47,100,28,70
"911",FALSE,100,1,100,42,48,1
"912",FALSE,1,1,42,1,0,30
"913",FALSE,1,10,53,1,12,56
"914",FALSE,1,80,21,90,87,64
"915",FALSE,75,85,100,14,90,70
"916",FALSE,63,80,47,28,79,1
"917",FALSE,75,100,1,1,77,64
"918",FALSE,50,1,53,1,100,80
"919",FALSE,88,22,23,64,0,56
"920",FALSE,1,1,23,52,72,1
"921",FALSE,38,10,30,1,0,1
"922",FALSE,50,4,1,1,62,1
"923",FALSE,1,32,58,99,40,56
"924",FALSE,75,80,12,28,72,1
"925",FALSE,1,1,12,1,87,1
"926",FALSE,1,10,1,80,100,1
"927",FALSE,63,1,23,1,0,1
"928",FALSE,50,10,12,1,46,85
"929",FALSE,1,1,60,1,28,14
"930",FALSE,75,1,45,14,45,55
"931",FALSE,75,80,53,42,0,65
"932",FALSE,75,75,1,32,0,70
"933",FALSE,1,100,1,1,71,1
"934",FALSE,75,34,100,1,0,85
"935",FALSE,88,1,23,89,0,84
"936",FALSE,1,80,12,1,55,1
"937",FALSE,1,38,25,14,0,64
"938",FALSE,1,10,1,80,23,28
"939",FALSE,1,10,1,1,0,80
"940",FALSE,1,10,53,42,52,85
"941",FALSE,1,42,1,28,0,1
"942",FALSE,50,28,67,1,32,56
"943",FALSE,50,10,1,42,7,28
"944",FALSE,88,85,83,80,76,1
"945",FALSE,38,8,1,70,100,1
"946",FALSE,1,10,33,42,17,70
"947",FALSE,88,80,35,84,0,85
"948",FALSE,63,10,35,28,100,75
"949",FALSE,63,16,1,84,19,60
"950",FALSE,1,10,23,80,72,70
"951",FALSE,69,100,1,42,100,1
"952",FALSE,1,93,58,42,100,56
"953",FALSE,50,8,23,1,0,100
"954",FALSE,10,1,23,100,0,100
"955",FALSE,63,84,23,1,0,14
"956",FALSE,63,16,1,1,100,80
"957",FALSE,63,77,25,28,0,42
"958",FALSE,38,1,35,100,12,64
"959",FALSE,38,1,45,1,7,1
"960",FALSE,1,48,1,60,0,1
"961",FALSE,1,10,23,84,0,42
"962",FALSE,63,1,23,1,53,70
"963",FALSE,1,1,33,80,26,80
"964",FALSE,50,10,12,42,0,1
"965",FALSE,75,89,54,95,90,56
"966",FALSE,1,73,35,14,76,1
"967",FALSE,75,1,35,1,0,80
"968",FALSE,75,85,27,28,12,64
"969",FALSE,88,1,13,90,72,80
"970",FALSE,1,6,1,28,0,1
"971",FALSE,56,5,1,95,100,90
"972",FALSE,75,32,1,100,50,1
"973",FALSE,63,67,8,42,0,50
"974",FALSE,1,1,100,100,22,100
"975",FALSE,63,10,33,100,100,80
"976",FALSE,88,11,42,70,62,1
"977",FALSE,63,1,12,50,55,1
"978",FALSE,63,10,60,1,100,85
"979",FALSE,1,8,45,74,55,1
"980",FALSE,1,1,28,1,60,1
"981",FALSE,1,10,21,32,63,56
"982",FALSE,50,10,1,14,69,99
"983",FALSE,63,1,1,40,100,80
"984",FALSE,50,1,17,1,0,70
"985",FALSE,38,53,27,28,31,90
"986",FALSE,63,72,8,95,0,75
"987",FALSE,50,1,12,70,63,60
"988",FALSE,50,12,29,99,22,1
"989",FALSE,1,48,75,1,55,100
"990",FALSE,50,32,27,50,55,95
"991",FALSE,1,53,1,28,100,1
"992",FALSE,1,1,60,1,0,1
"993",FALSE,63,48,35,1,32,75
"994",FALSE,1,1,1,28,28,75
"995",FALSE,50,1,33,1,25,1
"996",FALSE,50,10,23,14,48,10
"997",FALSE,63,100,12,60,57,75
"998",FALSE,75,81,35,100,63,74
"999",FALSE,100,38,1,14,57,56
"1000",FALSE,1,1,47,56,62,84
"1001",FALSE,63,28,1,70,100,1
"1002",FALSE,38,1,1,90,100,42
"1003",FALSE,50,15,23,28,0,80
"1004",FALSE,1,1,33,99,89,70
"1005",FALSE,1,85,23,1,0,42
"1006",FALSE,88,53,47,100,36,1
"1007",FALSE,1,81,1,14,27,75
"1008",FALSE,50,44,1,56,60,14
"1009",FALSE,100,12,1,32,44,1
"1010",FALSE,38,1,23,56,0,56
"1011",FALSE,38,32,27,1,62,70
"1012",FALSE,1,1,1,1,0,56
"1013",FALSE,10,90,23,64,79,42
"1014",FALSE,56,80,8,28,56,56
"1015",FALSE,75,1,1,42,0,42
"1016",FALSE,1,1,27,99,0,1
"1017",FALSE,75,10,1,42,53,1
"1018",FALSE,1,1,1,1,0,42
"1019",FALSE,63,1,1,42,0,1
"1020",FALSE,50,10,1,100,28,1
"1021",FALSE,88,1,53,80,100,1
"1022",FALSE,88,1,1,28,74,70
"1023",FALSE,1,90,8,1,58,60
"1024",FALSE,25,38,35,28,36,1
"1025",FALSE,75,1,1,64,0,14
"1026",FALSE,1,18,54,100,19,64
"1027",FALSE,81,82,83,1,100,64
"1028",FALSE,50,10,1,50,49,56
"1029",FALSE,38,10,33,60,0,1
"1030",FALSE,88,88,25,42,53,40
"1031",FALSE,63,1,47,42,59,42
"1032",FALSE,1,1,35,85,28,1
"1033",FALSE,1,14,79,95,0,64
"1034",FALSE,1,57,1,1,0,64
"1035",FALSE,88,80,1,85,0,75
"1036",FALSE,50,95,1,100,26,64
"1037",FALSE,63,10,33,1,0,95
"1038",FALSE,63,28,60,85,0,84
"1039",FALSE,1,82,35,85,13,30
"1040",FALSE,63,80,23,1,77,65
"1041",FALSE,1,73,1,60,44,56
"1042",FALSE,50,1,23,1,63,84
"1043",FALSE,50,10,1,100,30,14
"1044",FALSE,1,85,35,28,100,1
"1045",FALSE,1,28,12,1,100,80
"1046",FALSE,1,72,35,14,89,42
"1047",FALSE,63,1,1,28,0,1
"1048",FALSE,1,1,12,14,0,64
"1049",FALSE,1,80,65,1,37,100
"1050",FALSE,50,1,60,28,70,56
"1051",FALSE,63,1,1,95,100,1
"1052",FALSE,88,67,25,70,90,1
"1053",FALSE,1,1,1,42,50,1
"1054",FALSE,50,10,83,100,46,100
"1055",FALSE,50,1,8,84,59,48
"1056",FALSE,63,60,1,70,90,90
"1057",FALSE,50,80,47,52,32,85
"1058",FALSE,1,48,1,1,0,1
"1059",FALSE,50,10,1,32,80,70
"1060",FALSE,63,28,1,42,58,1
"1061",FALSE,69,1,1,32,57,90
"1062",FALSE,50,100,47,100,65,1
"1063",FALSE,1,1,23,90,30,1
"1064",FALSE,1,1,23,1,72,1
"1065",FALSE,10,32,63,42,0,1
"1066",FALSE,63,13,63,1,67,64
"1067",FALSE,1,10,42,90,26,84
"1068",FALSE,38,1,27,1,37,1
"1069",FALSE,50,1,1,1,26,42
"1070",FALSE,1,11,100,1,75,65
"1071",FALSE,38,85,23,5,57,56
"1072",FALSE,63,10,1,1,21,70
"1073",FALSE,10,48,23,28,46,1
"1074",FALSE,38,10,60,95,100,80
"1075",FALSE,50,63,1,38,71,70
"1076",FALSE,9,28,35,90,98,1
"1077",FALSE,69,10,23,85,28,1
"1078",FALSE,100,60,1,1,25,60
"1079",FALSE,75,1,1,28,0,64
"1080",FALSE,1,12,1,56,37,80
"1081",FALSE,88,12,33,1,0,28
"1082",FALSE,1,1,12,1,87,80
"1083",FALSE,50,1,67,90,94,90
"1084",FALSE,1,1,1,1,43,45
"1085",FALSE,9,1,35,42,0,1
"1086",FALSE,38,7,53,42,0,80
"1087",FALSE,75,28,1,84,78,1
"1088",FALSE,1,11,1,1,30,85
"1089",FALSE,50,1,27,42,0,26
"1090",FALSE,50,28,35,28,100,1
"1091",FALSE,75,32,1,56,25,1
"1092",FALSE,75,93,42,100,0,1
"1093",FALSE,1,63,38,95,64,56
"1094",FALSE,63,1,12,56,72,100
"1095",FALSE,75,53,83,1,100,1
"1096",FALSE,81,72,23,90,0,72
"1097",FALSE,38,10,12,1,0,14
"1098",FALSE,1,63,27,1,0,1
"1099",FALSE,1,28,1,42,71,50
"1100",FALSE,75,73,100,1,28,56
"1101",FALSE,1,10,12,1,0,60
"1102",FALSE,63,1,60,56,52,1
"1103",FALSE,1,1,25,1,0,1
"1104",FALSE,63,10,23,1,65,95
"1105",FALSE,63,1,1,1,77,32
"1106",FALSE,50,72,42,56,24,1
"1107",FALSE,63,100,23,64,65,1
"1108",FALSE,69,95,1,1,98,42
"1109",FALSE,50,80,1,1,0,90
"1110",FALSE,75,83,1,100,29,64
"1111",FALSE,10,1,1,80,62,60
"1112",FALSE,100,40,25,1,0,100
"1113",FALSE,1,63,1,64,0,70
"1114",FALSE,88,10,23,100,0,75
"1115",FALSE,38,1,1,14,36,1
"1116",FALSE,69,1,35,28,76,75
"1117",FALSE,56,53,1,14,63,1
"1118",FALSE,50,1,67,95,0,1
"1119",FALSE,38,42,12,28,100,28
"1120",FALSE,1,10,58,56,0,1
"1121",FALSE,100,1,1,32,0,56
"1122",FALSE,38,1,27,42,22,80
"1123",FALSE,69,10,70,60,84,1
"1124",FALSE,88,1,25,28,67,64
"1125",FALSE,75,1,1,20,65,72
"1126",FALSE,1,10,1,100,0,80
"1127",FALSE,50,34,30,64,43,60
"1128",FALSE,1,10,58,1,0,1
"1129",FALSE,1,28,1,1,31,40
"1130",FALSE,75,52,30,10,38,60
"1131",FALSE,50,16,47,10,23,75
"1132",FALSE,63,10,1,1,73,85
"1133",FALSE,63,1,1,28,0,10
"1134",FALSE,50,10,12,42,20,32
"1135",FALSE,63,1,23,32,11,1
"1136",FALSE,1,13,1,70,22,1
"1137",FALSE,1,53,12,1,92,74
"1138",FALSE,100,1,100,28,63,14
"1139",FALSE,1,1,100,1,26,85
"1140",FALSE,88,100,38,90,0,85
"1141",FALSE,63,10,83,1,100,1
"1142",FALSE,1,10,8,1,47,64
"1143",FALSE,88,1,46,90,95,56
"1144",FALSE,88,48,21,120,0,1
"1145",FALSE,1,1,12,32,0,64
"1146",FALSE,63,1,23,70,92,56
"1147",FALSE,50,10,23,1,55,1
"1148",FALSE,63,53,12,56,76,56
"1149",FALSE,1,10,1,1,40,60
"1150",FALSE,100,1,1,80,50,60
"1151",FALSE,113,1,35,95,76,70
"1152",FALSE,75,1,60,95,22,64
"1153",FALSE,50,10,53,1,52,60
"1154",FALSE,38,48,23,14,22,42
"1155",FALSE,50,100,35,70,89,1
"1156",FALSE,75,32,42,1,22,95
"1157",FALSE,1,10,54,100,10,80
"1158",FALSE,50,1,23,50,0,64
"1159",FALSE,63,10,1,32,28,40
"1160",FALSE,75,1,1,85,0,56
"1161",FALSE,88,11,1,1,52,1
"1162",FALSE,75,1,23,28,69,56
"1163",FALSE,50,1,1,14,94,56
"1164",FALSE,88,1,1,1,39,40
"1165",FALSE,75,1,23,1,42,74
"1166",FALSE,88,10,12,10,26,72
"1167",FALSE,1,10,58,1,60,85
"1168",FALSE,1,80,1,1,66,64
"1169",FALSE,75,1,1,84,0,75
"1170",FALSE,63,32,1,99,58,1
"1171",FALSE,63,1,75,1,100,64
"1172",FALSE,63,10,33,28,0,56
"1173",FALSE,1,1,1,84,0,56
"1174",FALSE,88,31,27,25,11,1
"1175",FALSE,1,11,65,1,53,80
"1176",FALSE,1,80,1,32,55,14
"1177",FALSE,75,80,23,80,91,64
"1178",FALSE,88,11,8,1,78,90
"1179",FALSE,1,32,75,1,63,56
"1180",FALSE,63,38,1,100,0,84
"1181",FALSE,63,14,30,70,70,100
"1182",FALSE,75,10,12,14,0,1
"1183",FALSE,50,10,17,1,0,80
"1184",FALSE,75,1,79,1,63,30
"1185",FALSE,1,1,23,1,100,28
"1186",FALSE,50,1,1,14,0,85
"1187",FALSE,25,10,53,1,39,60
"1188",FALSE,100,85,12,1,0,64
"1189",FALSE,1,1,12,28,62,10
"1190",FALSE,100,55,1,1,76,75
"1191",FALSE,88,1,45,95,0,64
"1192",FALSE,75,1,27,84,36,60
"1193",FALSE,50,31,12,1,69,64
"1194",FALSE,1,90,23,100,15,1
"1195",FALSE,94,48,35,60,23,1
"1196",FALSE,50,36,35,56,0,40
"1197",FALSE,63,1,23,1,69,1
"1198",FALSE,88,95,12,1,0,1
"1199",FALSE,100,44,23,1,100,56
"1200",FALSE,1,1,35,99,19,28
"1201",FALSE,50,12,1,42,57,1
"1202",FALSE,25,10,1,42,0,64
"1203",FALSE,1,1,1,100,28,72
"1204",FALSE,1,1,1,1,71,26
"1205",FALSE,63,53,1,1,0,64
"1206",FALSE,1,1,83,52,38,74
"1207",FALSE,88,32,12,14,36,85
"1208",FALSE,69,1,27,56,58,1
"1209",FALSE,88,1,67,20,48,32
"1210",FALSE,1,10,1,70,67,1
"1211",FALSE,50,80,1,42,0,56
"1212",FALSE,63,10,1,95,0,80
"1213",FALSE,63,85,53,1,48,14
"1214",FALSE,69,10,32,1,0,20
"1215",FALSE,1,1,100,1,71,95
"1216",FALSE,63,1,23,120,75,1
"1217",FALSE,75,1,43,80,99,1
"1218",FALSE,88,4,35,1,62,28
"1219",FALSE,1,11,23,84,92,56
"1220",FALSE,63,10,23,1,27,70
"1221",FALSE,75,10,42,1,52,56
"1222",FALSE,38,1,12,32,0,28
"1223",FALSE,88,32,1,90,90,56
"1224",FALSE,75,1,1,48,63,85
"1225",FALSE,55,85,25,1,32,90
"1226",FALSE,1,10,1,1,12,14
"1227",FALSE,1,53,1,56,0,28
"1228",FALSE,50,10,1,14,90,64
"1229",FALSE,38,55,1,14,0,70
"1230",FALSE,10,1,42,1,0,50
"1231",FALSE,50,48,1,85,0,28
"1232",FALSE,94,1,1,56,0,50
"1233",FALSE,8,1,42,95,59,42
"1234",FALSE,81,67,1,89,50,90
"1235",FALSE,1,16,53,1,0,1
"1236",FALSE,50,14,23,85,0,56
"1237",FALSE,88,8,23,70,20,60
"1238",FALSE,69,38,53,1,13,56
"1239",FALSE,1,34,35,84,69,56
"1240",FALSE,1,48,42,70,100,52
"1241",FALSE,50,10,1,1,76,64
"1242",FALSE,1,1,33,95,0,30
"1243",FALSE,63,10,29,1,49,56
"1244",FALSE,75,11,27,84,39,1
"1245",FALSE,1,53,58,14,79,85
"1246",FALSE,1,83,32,28,0,1
"1247",FALSE,38,95,1,95,44,60
"1248",FALSE,44,11,1,100,32,80
"1249",FALSE,88,80,38,1,66,1
"1250",FALSE,1,10,1,10,0,1
"1251",FALSE,75,100,67,95,0,64
"1252",FALSE,38,1,1,85,0,56
"1253",FALSE,38,10,1,1,40,56
"1254",FALSE,69,1,1,48,0,64
"1255",FALSE,1,12,53,14,0,32
"1256",FALSE,50,1,27,84,26,1
"1257",FALSE,9,10,23,42,0,1
"1258",FALSE,50,100,23,100,26,84
"1259",FALSE,1,100,1,80,67,28
"1260",FALSE,63,67,1,70,100,85
"1261",FALSE,75,1,1,28,39,1
"1262",FALSE,1,80,8,54,70,80
"1263",FALSE,63,16,8,28,0,1
"1264",FALSE,50,19,18,14,21,14
"1265",FALSE,88,48,1,35,62,32
"1266",FALSE,63,10,23,28,76,90
"1267",FALSE,38,1,12,1,0,64
"1268",FALSE,25,80,23,95,0,60
"1269",FALSE,1,1,23,28,100,48
"1270",FALSE,81,10,60,1,39,85
"1271",FALSE,1,1,8,10,100,40
"1272",FALSE,63,8,23,100,84,56
"1273",FALSE,69,12,33,78,0,56
"1274",FALSE,50,90,27,1,0,1
"1275",FALSE,63,85,53,85,21,75
"1276",FALSE,63,85,83,14,71,1
"1277",FALSE,63,60,1,85,0,85
"1278",FALSE,1,80,1,5,63,1
"1279",FALSE,38,95,84,1,0,1
"1280",FALSE,1,1,12,42,65,1
"1281",FALSE,63,80,1,1,0,100
"1282",FALSE,50,4,1,95,100,1
"1283",FALSE,75,1,1,28,36,85
"1284",FALSE,1,10,23,80,7,74
"1285",FALSE,50,100,1,99,0,26
"1286",FALSE,75,28,50,1,100,56
"1287",FALSE,75,89,1,1,0,1
"1288",FALSE,9,1,1,30,0,40
"1289",FALSE,1,14,27,1,0,28
"1290",FALSE,63,16,1,56,0,75
"1291",FALSE,75,95,27,1,44,1
"1292",FALSE,56,1,20,70,0,70
"1293",FALSE,63,10,1,1,43,48
"1294",FALSE,50,100,47,1,0,56
"1295",FALSE,1,1,23,14,80,70
"1296",FALSE,75,10,1,42,42,1
"1297",FALSE,75,100,1,70,90,80
"1298",FALSE,75,10,12,28,67,1
"1299",FALSE,1,63,23,1,43,56
"1300",FALSE,38,98,1,99,53,65
"1301",FALSE,38,1,23,1,0,1
"1302",FALSE,1,28,1,90,0,64
"1303",FALSE,50,10,47,1,35,56
"1304",FALSE,1,10,12,1,0,70
"1305",FALSE,38,10,33,64,40,70
"1306",FALSE,1,10,35,100,30,75
"1307",FALSE,1,1,1,10,0,30
"1308",FALSE,50,32,23,28,87,1
"1309",FALSE,1,10,1,48,0,32
"1310",FALSE,50,80,38,78,100,32
"1311",FALSE,56,100,1,64,19,1
"1312",FALSE,100,90,12,95,55,1
"1313",FALSE,50,32,12,1,69,28
"1314",FALSE,63,10,100,10,62,56
"1315",FALSE,63,10,1,14,0,1
"1316",FALSE,75,11,1,100,0,1
"1317",FALSE,63,63,33,100,100,80
"1318",FALSE,1,10,47,85,5,14
"1319",FALSE,38,1,1,16,60,1
"1320",FALSE,100,18,23,95,53,70
"1321",FALSE,1,1,25,42,46,1
"1322",FALSE,75,1,60,10,29,40
"1323",FALSE,50,10,75,1,100,90
"1324",FALSE,55,13,53,14,47,1
"1325",FALSE,1,14,35,32,54,1
"1326",FALSE,1,1,23,28,31,1
"1327",FALSE,50,1,1,1,30,14
"1328",FALSE,1,63,50,40,71,80
"1329",FALSE,100,10,47,1,79,1
"1330",FALSE,100,1,17,100,13,85
"1331",FALSE,1,38,1,1,100,1
"1332",FALSE,63,10,42,60,0,64
"1333",FALSE,63,44,1,100,30,1
"1334",FALSE,1,1,25,56,40,1
"1335",FALSE,1,57,96,14,0,1
"1336",FALSE,50,8,35,95,58,64
"1337",FALSE,38,48,23,110,72,56
"1338",FALSE,38,18,12,95,60,1
"1339",FALSE,63,100,54,95,0,56
"1340",FALSE,88,85,1,28,0,32
"1341",FALSE,75,24,27,60,100,42
"1342",FALSE,1,28,33,90,0,32
"1343",FALSE,75,12,50,100,72,1
"1344",FALSE,1,1,1,42,36,60
"1345",FALSE,69,80,23,25,0,80
"1346",FALSE,1,34,12,56,20,50
"1347",FALSE,1,1,53,84,0,32
"1348",FALSE,63,85,1,28,0,50
"1349",FALSE,6,95,1,10,38,42
"1350",FALSE,81,22,63,14,10,1
"1351",FALSE,1,80,58,64,100,42
"1352",FALSE,63,100,29,80,31,64
"1353",FALSE,50,42,1,1,39,60
"1354",FALSE,1,85,1,40,63,54
"1355",FALSE,100,10,67,90,66,1
"1356",FALSE,1,90,23,1,100,95
"1357",FALSE,75,1,30,20,91,56
"1358",FALSE,75,10,53,42,0,42
"1359",FALSE,1,8,33,1,31,72
"1360",FALSE,55,1,23,100,0,56
"1361",FALSE,50,1,1,90,0,64
"1362",FALSE,1,1,47,80,0,1
"1363",FALSE,1,1,1,20,100,1
"1364",FALSE,1,32,35,64,0,90
"1365",FALSE,75,1,1,28,100,1
"1366",FALSE,38,100,100,90,61,64
"1367",FALSE,1,36,27,100,59,28
"1368",FALSE,38,10,60,1,65,56
"1369",FALSE,69,67,12,28,55,64
"1370",FALSE,88,32,1,14,40,1
"1371",FALSE,38,38,30,100,22,1
"1372",FALSE,38,48,25,70,62,1
"1373",FALSE,75,72,1,90,10,1
"1374",FALSE,63,22,100,32,68,56
"1375",FALSE,38,1,35,42,59,1
"1376",FALSE,63,1,1,28,41,85
"1377",FALSE,75,32,12,56,0,45
"1378",FALSE,88,1,83,90,63,1
"1379",FALSE,63,1,1,90,100,64
"1380",FALSE,50,1,1,1,47,42
"1381",FALSE,50,1,17,70,50,1
"1382",FALSE,75,100,1,100,41,42
"1383",FALSE,50,1,1,1,26,28
"1384",FALSE,1,10,1,1,0,56
"1385",FALSE,63,11,23,14,0,1
"1386",FALSE,63,1,47,90,35,65
"1387",FALSE,63,10,1,28,44,28
"1388",FALSE,50,90,23,100,0,70
"1389",FALSE,1,10,23,1,32,1
"1390",FALSE,88,44,1,84,100,70
"1391",FALSE,75,1,1,1,53,64
"1392",FALSE,1,11,22,60,0,1
"1393",FALSE,1,14,1,99,26,85
"1394",FALSE,38,77,1,16,28,1
"1395",FALSE,63,60,1,1,57,28
"1396",FALSE,56,53,63,56,19,100
"1397",FALSE,50,32,23,1,13,85
"1398",FALSE,44,100,13,1,41,56
"1399",FALSE,1,10,1,85,44,85
"1400",FALSE,38,8,23,1,28,70
"1401",FALSE,38,53,60,70,37,56
"1402",FALSE,88,80,20,28,70,1
"1403",FALSE,75,10,27,70,57,60
"1404",FALSE,75,13,53,28,63,1
"1405",FALSE,1,14,33,1,59,90
"1406",FALSE,1,100,12,54,62,72
"1407",FALSE,56,32,33,1,76,1
"1408",FALSE,50,28,1,1,0,72
"1409",FALSE,38,1,12,95,0,60
"1410",FALSE,63,80,1,42,100,70
"1411",FALSE,1,100,23,1,0,70
"1412",FALSE,50,15,12,1,100,65
"1413",FALSE,38,10,1,70,0,56
"1414",FALSE,44,28,83,80,90,28
"1415",FALSE,63,1,42,10,0,1
"1416",FALSE,1,1,1,85,62,56
"1417",FALSE,63,57,17,1,38,70
"1418",FALSE,1,1,60,38,0,30
"1419",FALSE,50,1,27,1,22,56
"1420",FALSE,63,55,35,42,0,54
"1421",FALSE,1,32,12,54,64,28
"1422",FALSE,1,36,23,20,0,70
"1423",FALSE,75,38,35,42,0,56
"1424",FALSE,1,8,54,28,90,64
"1425",FALSE,63,1,12,1,0,1
"1426",FALSE,1,10,60,42,93,1
"1427",FALSE,81,8,1,10,0,1
"1428",FALSE,75,1,45,42,0,1
"1429",FALSE,100,72,1,1,39,1
"1430",FALSE,1,81,67,28,54,52
"1431",FALSE,50,10,33,10,63,1
"1432",FALSE,75,1,47,28,0,70
"1433",FALSE,38,13,23,1,67,1
"1434",FALSE,63,53,1,1,62,56
"1435",FALSE,1,1,8,14,22,6
"1436",FALSE,50,38,12,28,0,56
"1437",FALSE,63,16,43,1,19,56
"1438",FALSE,1,32,12,10,0,1
"1439",FALSE,1,1,23,84,72,1
"1440",FALSE,50,9,47,95,0,1
"1441",FALSE,1,10,23,42,40,1
"1442",FALSE,1,28,35,90,14,40
"1443",FALSE,81,1,23,70,0,60
"1444",FALSE,1,36,12,1,76,56
"1445",FALSE,75,53,35,56,69,14
"1446",FALSE,75,1,1,42,52,100
"1447",FALSE,75,10,12,70,94,1
"1448",FALSE,50,1,23,1,26,100
"1449",FALSE,25,1,35,1,0,56
"1450",FALSE,1,32,35,52,92,70
"1451",FALSE,100,11,1,80,12,85
"1452",FALSE,75,10,1,1,0,42
"1453",FALSE,63,1,38,10,19,40
"1454",FALSE,1,63,1,1,74,80
"1455",FALSE,38,14,35,1,100,1
"1456",FALSE,1,90,1,100,0,56
"1457",FALSE,63,81,67,60,17,100
"1458",FALSE,50,1,47,100,71,30
"1459",FALSE,75,10,1,1,26,95
"1460",FALSE,1,60,23,60,74,100
"1461",FALSE,50,85,35,1,0,1
"1462",FALSE,38,8,1,100,60,64
"1463",FALSE,63,12,35,42,100,28
"1464",FALSE,63,16,1,1,100,1
"1465",FALSE,69,10,100,60,50,85
"1466",FALSE,100,48,1,1,0,84
"1467",FALSE,1,11,1,42,65,1
"1468",FALSE,63,16,27,60,28,75
"1469",FALSE,63,1,1,1,71,70
"1470",FALSE,44,1,23,28,100,80
"1471",FALSE,50,10,58,1,57,1
"1472",FALSE,63,1,1,89,64,100
"1473",FALSE,50,72,23,14,100,100
"1474",FALSE,63,32,8,28,0,54
"1475",FALSE,63,32,17,1,100,1
"1476",FALSE,63,32,1,1,20,100
"1477",FALSE,1,85,67,1,53,45
"1478",FALSE,1,100,27,1,0,56
"1479",FALSE,1,10,27,70,35,80
"1480",FALSE,50,32,50,55,88,14
"1481",FALSE,38,1,35,85,59,64
"1482",FALSE,63,100,1,80,10,100
"1483",FALSE,63,80,23,28,100,1
"1484",FALSE,75,1,53,52,89,74
"1485",FALSE,88,38,47,84,0,1
"1486",FALSE,1,1,30,1,33,1
"1487",FALSE,38,7,1,1,0,32
"1488",FALSE,50,1,35,42,21,60
"1489",FALSE,88,48,23,56,100,1
"1490",FALSE,50,85,1,14,48,56
"1491",FALSE,50,1,1,28,35,95
"1492",FALSE,63,1,27,1,95,56
"1493",FALSE,1,8,47,14,23,1
"1494",FALSE,1,10,8,1,43,1
"1495",FALSE,1,1,45,25,20,1
"1496",FALSE,38,12,35,1,0,1
"1497",FALSE,63,100,23,100,91,56
"1498",FALSE,1,8,1,28,26,80
"1499",FALSE,9,11,12,100,0,1
"1500",FALSE,1,5,1,1,46,90
"1501",FALSE,25,75,1,48,58,84
"1502",FALSE,1,10,35,85,67,56
"1503",FALSE,75,1,35,56,0,56
"1504",FALSE,38,85,1,28,100,80
"1505",FALSE,1,48,1,1,23,74
"1506",FALSE,63,10,100,85,26,1
"1507",FALSE,1,38,1,1,0,85
"1508",FALSE,75,1,25,10,0,56
"1509",FALSE,88,63,23,42,62,1
"1510",FALSE,1,10,23,100,0,70
"1511",FALSE,50,1,42,64,0,1
"1512",FALSE,1,11,23,56,53,1
"1513",FALSE,81,81,23,100,100,42
"1514",FALSE,1,80,100,1,0,56
"1515",FALSE,1,53,23,90,0,65
"1516",FALSE,1,32,23,70,14,14
"1517",FALSE,1,1,53,50,0,100
"1518",FALSE,56,8,17,100,84,1
"1519",FALSE,88,100,1,1,57,72
"1520",FALSE,1,32,25,1,0,72
"1521",FALSE,50,10,100,42,79,40
"1522",FALSE,1,10,1,1,0,80
"1523",FALSE,10,1,12,1,0,1
"1524",FALSE,1,1,12,85,0,56
"1525",FALSE,88,1,12,14,58,100
"1526",FALSE,50,48,8,100,21,1
"1527",FALSE,1,22,1,14,53,26
"1528",FALSE,1,85,1,100,93,70
"1529",FALSE,1,1,1,28,60,56
"1530",FALSE,38,1,35,28,53,14
"1531",FALSE,38,1,67,32,79,60
"1532",FALSE,1,1,23,28,67,85
"1533",FALSE,1,73,1,70,0,1
"1534",FALSE,63,10,35,1,0,42
"1535",FALSE,8,1,100,10,60,48
"1536",FALSE,63,10,35,42,63,30
"1537",FALSE,88,80,1,28,0,60
"1538",FALSE,50,83,50,1,0,1
"1539",FALSE,88,10,23,100,73,70
"1540",FALSE,63,67,47,10,0,28
"1541",FALSE,38,90,100,90,0,100
"1542",FALSE,38,1,1,60,47,1
"1543",FALSE,63,1,27,25,73,64
"1544",FALSE,38,12,1,28,58,70
"1545",FALSE,63,38,60,14,55,1
"1546",FALSE,100,1,27,1,0,1
"1547",FALSE,63,16,75,1,90,95
"1548",FALSE,1,10,1,14,100,100
"1549",FALSE,63,28,1,1,100,56
"1550",FALSE,75,1,47,70,39,1
"1551",FALSE,75,14,83,28,92,42
"1552",FALSE,38,10,43,28,100,14
"1553",FALSE,38,32,17,14,40,1
"1554",FALSE,10,34,1,75,100,1
"1555",FALSE,50,1,23,28,0,56
"1556",FALSE,1,1,35,1,22,1
"1557",FALSE,38,22,54,40,34,56
"1558",FALSE,10,1,27,70,26,32
"1559",FALSE,63,67,28,1,100,40
"1560",FALSE,69,14,92,42,26,76
"1561",FALSE,1,1,20,28,90,101
"1562",FALSE,63,80,1,56,0,70
"1563",FALSE,1,5,1,85,90,80
"1564",FALSE,50,40,27,10,71,40
"1565",FALSE,100,1,1,1,46,56
"1566",FALSE,38,10,1,1,50,80
"1567",FALSE,50,1,30,70,26,1
"1568",FALSE,75,10,54,42,74,95
"1569",FALSE,100,10,1,80,87,1
"1570",FALSE,1,1,25,50,66,99
"1571",FALSE,38,80,23,64,71,32
"1572",FALSE,1,1,35,100,74,1
"1573",FALSE,81,10,12,10,28,1
"1574",FALSE,1,52,1,1,0,100
"1575",FALSE,63,10,37,40,0,64
"1576",FALSE,63,63,47,95,51,95
"1577",FALSE,38,73,1,32,44,80
"1578",FALSE,1,10,1,1,79,10
"1579",FALSE,1,1,23,5,0,85
"1580",FALSE,25,14,23,1,0,1
"1581",FALSE,1,10,17,64,32,1
"1582",FALSE,100,1,12,1,28,1
"1583",FALSE,1,81,23,10,98,1
"1584",FALSE,63,10,1,10,0,56
"1585",FALSE,1,80,23,52,0,70
"1586",FALSE,63,100,1,90,100,56
"1587",FALSE,63,10,1,32,0,75
"1588",FALSE,1,63,17,80,85,1
"1589",FALSE,1,1,1,90,0,1
"1590",FALSE,100,1,12,52,45,1
"1591",FALSE,1,57,35,90,44,1
"1592",FALSE,75,93,12,90,0,28
"1593",FALSE,69,1,23,100,46,1
"1594",FALSE,81,10,23,90,44,28
"1595",FALSE,1,80,1,1,57,60
"1596",FALSE,50,52,1,100,26,1
"1597",FALSE,81,10,1,20,13,1
"1598",FALSE,63,1,35,1,0,42
"1599",FALSE,38,73,47,1,83,1
"1600",FALSE,100,95,75,1,74,64
"1601",FALSE,63,81,53,1,0,56
"1602",FALSE,50,1,100,56,18,30
"1603",FALSE,88,1,60,100,66,28
"1604",FALSE,1,1,27,1,0,1
"1605",FALSE,1,1,38,56,59,10
"1606",FALSE,1,1,1,64,0,1
"1607",FALSE,63,53,1,1,0,56
"1608",FALSE,50,32,1,1,100,1
"1609",FALSE,50,1,1,1,36,64
"1610",FALSE,88,1,12,1,0,28
"1611",FALSE,1,12,42,100,56,85
"1612",FALSE,1,10,45,85,24,80
"1613",FALSE,50,10,1,42,0,42
"1614",FALSE,81,100,23,32,54,1
"1615",FALSE,1,1,23,1,69,90
"1616",FALSE,100,10,96,1,0,75
"1617",FALSE,50,1,27,80,71,80
"1618",FALSE,38,52,53,1,23,60
"1619",FALSE,1,53,12,28,0,60
"1620",FALSE,88,32,32,1,0,28
"1621",FALSE,81,100,20,90,100,1
"1622",FALSE,38,1,35,100,31,14
"1623",FALSE,50,100,25,1,29,90
"1624",FALSE,75,100,1,1,59,1
"1625",FALSE,75,9,27,80,41,1
"1626",FALSE,1,1,23,28,0,42
"1627",FALSE,88,63,1,42,65,56
"1628",FALSE,1,10,38,100,0,72
"1629",FALSE,75,1,47,42,41,1
"1630",FALSE,1,32,23,95,76,1
"1631",FALSE,63,1,67,56,100,50
"1632",FALSE,1,53,53,56,62,60
"1633",FALSE,1,4,8,56,26,1
"1634",FALSE,75,1,75,1,39,28
"1635",FALSE,50,1,33,1,41,1
"1636",FALSE,1,1,30,1,22,28
"1637",FALSE,1,34,22,28,37,1
"1638",FALSE,1,48,1,1,59,1
"1639",FALSE,100,10,23,1,38,95
"1640",FALSE,56,1,1,56,59,75
"1641",FALSE,63,10,1,42,67,28
"1642",FALSE,63,8,47,1,19,90
"1643",FALSE,81,5,1,1,31,1
"1644",FALSE,1,1,12,1,0,1
"1645",FALSE,88,67,35,50,37,1
"1646",FALSE,75,10,8,1,0,74
"1647",FALSE,38,53,83,95,100,1
"1648",FALSE,1,4,1,32,78,30
"1649",FALSE,88,1,1,1,32,1
"1650",FALSE,1,32,17,99,34,56
"1651",FALSE,63,1,1,60,85,75
"1652",FALSE,1,1,1,70,0,1
"1653",FALSE,81,48,33,60,10,85
"1654",FALSE,50,10,12,14,0,70
"1655",FALSE,50,10,33,70,0,50
"1656",FALSE,1,1,58,75,0,75
"1657",FALSE,50,1,1,84,36,56
"1658",FALSE,1,1,8,30,26,1
"1659",FALSE,81,14,27,89,72,1
"1660",FALSE,50,10,25,90,71,42
"1661",FALSE,75,1,27,1,48,1
"1662",FALSE,63,7,12,1,0,1
"1663",FALSE,1,10,12,46,100,1
"1664",FALSE,75,1,35,1,33,45
"1665",FALSE,75,53,25,10,32,95
"1666",FALSE,63,13,27,14,0,70
"1667",FALSE,1,1,1,20,0,1
"1668",FALSE,75,100,23,99,62,64
"1669",FALSE,1,1,23,1,26,100
"1670",FALSE,75,48,100,1,26,1
"1671",FALSE,38,10,1,100,100,1
"1672",FALSE,63,10,47,56,30,64
"1673",FALSE,38,1,23,64,22,85
"1674",FALSE,56,98,12,1,52,80
"1675",FALSE,75,10,1,28,98,56
"1676",FALSE,75,1,1,10,34,42
"1677",FALSE,38,10,35,1,100,65
"1678",FALSE,88,10,47,1,0,56
"1679",FALSE,25,1,23,1,100,56
"1680",FALSE,75,32,1,100,0,90
"1681",FALSE,75,85,13,40,90,85
"1682",FALSE,1,10,32,28,0,20
"1683",FALSE,63,8,23,100,53,1
"1684",FALSE,1,36,83,28,17,75
"1685",FALSE,75,1,35,28,59,55
"1686",FALSE,1,62,12,85,50,1
"1687",FALSE,81,28,47,99,59,1
"1688",FALSE,56,100,23,56,48,64
"1689",FALSE,63,12,1,90,100,100
"1690",FALSE,94,1,1,95,19,95
"1691",FALSE,63,57,43,10,12,56
"1692",FALSE,63,10,1,100,92,28
"1693",FALSE,63,32,1,84,72,42
"1694",FALSE,1,80,12,100,48,1
"1695",FALSE,1,8,33,80,0,95
"1696",FALSE,63,1,83,28,60,85
"1697",FALSE,63,48,35,1,0,28
"1698",FALSE,1,1,50,70,28,56
"1699",FALSE,1,10,23,28,0,42
"1700",FALSE,38,60,1,14,26,85
"1701",FALSE,1,72,1,64,0,30
"1702",FALSE,63,10,42,1,0,100
"1703",FALSE,1,10,1,1,36,1
"1704",FALSE,63,63,12,98,0,85
"1705",FALSE,38,32,23,1,0,64
"1706",FALSE,38,1,1,1,0,56
"1707",FALSE,75,1,47,14,100,1
"1708",FALSE,38,1,12,1,59,80
"1709",FALSE,75,1,1,85,0,80
"1710",FALSE,50,1,1,100,66,1
"1711",FALSE,69,32,35,64,0,72
"1712",FALSE,50,48,53,1,100,28
"1713",FALSE,50,10,1,52,0,70
"1714",FALSE,1,10,23,90,31,1
"1715",FALSE,38,1,1,1,32,42
"1716",FALSE,63,11,8,14,39,100
"1717",FALSE,75,80,1,14,100,1
"1718",FALSE,44,81,35,1,19,80
"1719",FALSE,1,100,35,14,0,56
"1720",FALSE,50,10,100,42,21,64
"1721",FALSE,1,28,45,1,41,1
"1722",FALSE,100,80,35,42,0,1
"1723",FALSE,75,1,35,72,0,64
"1724",FALSE,88,28,60,100,100,56
"1725",FALSE,63,1,12,1,21,80
"1726",FALSE,63,85,1,1,76,1
"1727",FALSE,63,67,23,1,0,1
"1728",FALSE,50,10,42,14,100,90
"1729",FALSE,50,1,12,28,100,80
"1730",FALSE,50,36,1,14,100,85
"1731",FALSE,50,72,35,14,0,72
"1732",FALSE,75,4,35,40,100,85
"1733",FALSE,88,32,1,28,62,56
"1734",FALSE,75,32,8,56,55,42
"1735",FALSE,1,73,60,40,58,1
"1736",FALSE,1,32,33,95,57,85
"1737",FALSE,75,70,1,64,72,1
"1738",FALSE,88,10,60,90,100,1
"1739",FALSE,10,28,1,1,100,42
"1740",FALSE,1,11,1,28,87,1
"1741",FALSE,1,13,60,1,0,100
"1742",FALSE,100,12,23,10,62,56
"1743",FALSE,56,1,1,10,59,30
"1744",FALSE,1,28,33,1,0,90
"1745",FALSE,38,8,60,28,100,28
"1746",FALSE,63,1,1,56,74,1
"1747",FALSE,1,10,23,100,0,14
"1748",FALSE,1,63,23,1,0,80
"1749",FALSE,75,1,83,28,76,56
"1750",FALSE,50,55,100,100,0,1
"1751",FALSE,1,90,23,42,35,42
"1752",FALSE,113,10,50,28,63,64
"1753",FALSE,1,1,23,95,7,45
"1754",FALSE,50,72,1,99,71,75
"1755",FALSE,1,28,1,80,58,56
"1756",FALSE,50,1,35,1,12,10
"1757",FALSE,1,55,92,100,80,1
"1758",FALSE,1,100,12,42,0,28
"1759",FALSE,50,8,21,14,37,56
"1760",FALSE,1,1,1,84,72,85
"1761",FALSE,100,13,1,1,55,42
"1762",FALSE,1,10,1,90,48,1
"1763",FALSE,100,1,75,1,72,42
"1764",FALSE,63,63,37,100,0,10
"1765",FALSE,50,1,23,100,0,64
"1766",FALSE,88,1,1,10,20,45
"1767",FALSE,75,80,17,14,0,42
"1768",FALSE,38,10,23,1,58,1
"1769",FALSE,75,1,23,100,78,64
"1770",FALSE,50,1,23,1,69,1
"1771",FALSE,1,10,60,56,21,42
"1772",FALSE,50,1,27,42,83,95
"1773",FALSE,55,8,1,95,35,50
"1774",FALSE,63,10,1,84,0,64
"1775",FALSE,63,18,67,1,0,85
"1776",FALSE,63,1,35,10,0,64
"1777",FALSE,25,1,25,100,20,1
"1778",FALSE,1,1,23,100,35,64
"1779",FALSE,50,53,23,28,0,1
"1780",FALSE,50,10,1,70,0,70
"1781",FALSE,1,13,1,1,0,60
"1782",FALSE,1,36,12,70,11,14
"1783",FALSE,75,73,23,85,0,1
"1784",FALSE,69,1,23,48,74,1
"1785",FALSE,88,1,92,1,100,1
"1786",FALSE,44,53,27,1,100,28
"1787",FALSE,100,48,92,28,100,54
"1788",FALSE,50,95,23,80,90,56
"1789",FALSE,63,1,35,14,64,56
"1790",FALSE,1,1,1,40,0,42
"1791",FALSE,50,72,27,110,26,1
"1792",FALSE,75,28,12,1,46,32
"1793",FALSE,1,1,1,1,46,28
"1794",FALSE,63,11,27,35,32,56
"1795",FALSE,75,28,23,1,41,1
"1796",FALSE,75,16,23,1,74,60
"1797",FALSE,63,1,23,100,84,30
"1798",FALSE,1,95,12,1,52,64
"1799",FALSE,50,90,1,40,67,56
"1800",FALSE,55,10,35,1,71,90
"1801",FALSE,50,1,1,95,10,70
"1802",FALSE,1,1,45,1,0,64
"1803",FALSE,88,1,1,1,0,90
"1804",FALSE,50,32,1,64,32,90
"1805",FALSE,1,10,60,64,22,80
"1806",FALSE,88,63,1,65,100,40
"1807",FALSE,63,55,12,80,29,42
"1808",FALSE,9,10,42,80,46,42
"1809",FALSE,50,1,1,100,0,1
"1810",FALSE,1,1,12,1,14,1
"1811",FALSE,88,60,35,1,79,72
"1812",FALSE,38,34,1,28,36,80
"1813",FALSE,63,48,50,1,100,70
"1814",FALSE,63,1,70,85,0,1
"1815",FALSE,100,1,1,42,44,30
"1816",FALSE,38,1,1,1,0,32
"1817",FALSE,1,55,25,84,0,48
"1818",FALSE,1,10,23,1,53,32
"1819",FALSE,75,1,1,35,67,28
"1820",FALSE,1,1,23,40,89,1
"1821",FALSE,50,10,38,1,100,56
"1822",FALSE,81,100,1,1,19,30
"1823",FALSE,50,80,1,42,26,1
"1824",FALSE,50,80,23,64,38,72
"1825",FALSE,38,36,23,85,24,40
"1826",FALSE,75,38,100,32,100,1
"1827",FALSE,1,14,47,42,0,56
"1828",FALSE,75,28,12,1,10,1
"1829",FALSE,63,88,1,70,100,14
"1830",FALSE,69,10,35,38,19,75
"1831",FALSE,63,1,35,70,76,64
"1832",FALSE,38,10,27,1,59,36
"1833",FALSE,75,1,1,42,95,1
"1834",FALSE,63,4,33,1,65,70
"1835",FALSE,63,72,35,32,30,100
"1836",FALSE,1,38,1,28,57,54
"1837",FALSE,75,10,8,14,72,84
"1838",FALSE,75,18,23,64,0,85
"1839",FALSE,88,1,1,60,59,70
"1840",FALSE,63,85,1,28,72,40
"1841",FALSE,75,44,1,1,0,70
"1842",FALSE,88,10,35,90,100,32
"1843",FALSE,1,10,27,70,11,1
"1844",FALSE,75,1,23,1,0,1
"1845",FALSE,1,10,25,42,65,100
"1846",FALSE,38,10,42,85,100,28
"1847",FALSE,75,100,83,80,38,40
"1848",FALSE,38,1,27,42,0,1
"1849",FALSE,1,85,1,14,21,28
"1850",FALSE,81,28,27,70,97,64
"1851",FALSE,88,11,1,1,0,28
"1852",FALSE,75,10,33,28,0,64
"1853",FALSE,88,34,35,100,0,80
"1854",FALSE,63,80,12,1,55,1
"1855",FALSE,50,19,1,90,41,42
"1856",FALSE,63,10,1,90,0,100
"1857",FALSE,50,100,23,85,0,80
"1858",FALSE,88,1,75,1,98,56
"1859",FALSE,44,19,23,1,100,56
"1860",FALSE,50,36,1,64,97,70
"1861",FALSE,1,1,33,100,66,1
"1862",FALSE,1,1,20,42,37,32
"1863",FALSE,50,89,45,56,65,10
"1864",FALSE,1,1,1,1,0,1
"1865",FALSE,1,53,23,70,0,75
"1866",FALSE,1,10,27,28,90,80
"1867",FALSE,38,18,23,28,100,1
"1868",FALSE,56,80,12,64,100,42
"1869",FALSE,55,11,47,1,41,1
"1870",FALSE,88,11,92,28,66,70
"1871",FALSE,88,1,25,64,100,64
"1872",FALSE,1,80,35,100,84,85
"1873",FALSE,1,1,1,1,0,64
"1874",FALSE,88,55,75,1,0,80
"1875",FALSE,63,1,35,28,19,70
"1876",FALSE,100,10,35,70,0,42
"1877",FALSE,56,80,13,1,94,70
"1878",FALSE,75,14,23,1,44,1
"1879",FALSE,75,1,35,84,51,1
"1880",FALSE,63,63,18,1,72,1
"1881",FALSE,56,1,23,70,68,1
"1882",FALSE,38,7,23,1,28,1
"1883",FALSE,38,10,35,1,0,56
"1884",FALSE,63,12,35,32,100,64
"1885",FALSE,38,67,1,99,0,80
"1886",FALSE,63,16,27,50,45,85
"1887",FALSE,88,1,25,95,74,1
"1888",FALSE,1,10,8,14,55,64
"1889",FALSE,75,80,1,28,0,85
"1890",FALSE,75,1,1,1,0,1
"1891",FALSE,63,67,1,1,72,1
"1892",FALSE,50,85,1,1,0,56
"1893",FALSE,88,95,35,70,100,85
"1894",FALSE,50,72,1,42,0,90
"1895",FALSE,63,63,58,64,12,70
"1896",FALSE,1,98,1,60,52,1
"1897",FALSE,75,1,23,90,59,56
"1898",FALSE,10,1,23,1,64,28
"1899",FALSE,50,44,1,1,0,64
"1900",FALSE,1,1,25,1,19,72
"1901",FALSE,1,1,35,5,79,42
"1902",FALSE,63,80,12,42,55,42
"1903",FALSE,1,28,23,1,0,56
"1904",FALSE,1,48,35,1,17,52
"1905",FALSE,63,1,25,42,27,40
"1906",FALSE,75,1,1,80,0,1
"1907",FALSE,88,80,33,1,0,35
"1908",FALSE,1,100,1,1,72,64
"1909",FALSE,38,1,35,14,100,1
"1910",FALSE,50,1,8,100,58,80
"1911",FALSE,1,48,96,80,55,85
"1912",FALSE,75,1,23,56,35,28
"1913",FALSE,38,1,23,1,36,56
"1914",FALSE,1,90,23,95,0,90
"1915",FALSE,1,80,23,1,70,64
"1916",FALSE,1,90,47,70,26,1
"1917",FALSE,38,8,17,10,74,45
"1918",FALSE,63,1,1,1,19,85
"1919",FALSE,100,80,47,1,51,42
"1920",FALSE,38,28,96,100,94,101
"1921",FALSE,75,10,38,84,0,1
"1922",FALSE,1,10,47,90,0,1
"1923",FALSE,63,1,1,56,29,1
"1924",FALSE,63,10,12,1,48,42
"1925",FALSE,88,1,47,1,34,1
"1926",FALSE,50,14,1,100,0,1
"1927",FALSE,50,4,23,56,72,70
"1928",FALSE,1,1,27,84,66,1
"1929",FALSE,63,1,23,28,0,95
"1930",FALSE,1,10,1,80,32,42
"1931",FALSE,63,10,1,70,71,14
"1932",FALSE,1,77,23,1,64,1
"1933",FALSE,1,32,1,1,0,1
"1934",FALSE,1,10,50,1,29,75
"1935",FALSE,50,11,35,40,100,1
"1936",FALSE,44,1,23,80,0,56
"1937",FALSE,1,19,1,95,0,75
"1938",FALSE,38,1,83,14,27,80
"1939",FALSE,88,80,75,28,93,1
"1940",FALSE,1,1,27,14,95,72
"1941",FALSE,50,6,27,32,0,80
"1942",FALSE,38,1,58,1,36,80
"1943",FALSE,81,93,100,90,53,1
"1944",FALSE,38,1,35,50,44,42
"1945",FALSE,75,10,75,80,38,56
"1946",FALSE,75,12,21,40,74,100
"1947",FALSE,75,8,17,28,0,56
"1948",FALSE,1,1,1,90,30,28
"1949",FALSE,63,80,1,90,100,30
"1950",FALSE,75,85,1,50,57,56
"1951",FALSE,63,1,1,84,0,1
"1952",FALSE,88,48,47,10,90,1
"1953",FALSE,88,28,35,42,37,1
"1954",FALSE,63,10,1,100,66,55
"1955",FALSE,88,1,100,1,0,85
"1956",FALSE,50,1,35,70,0,70
"1957",FALSE,75,10,33,90,0,54
"1958",FALSE,10,32,12,1,24,1
"1959",FALSE,50,1,58,99,91,30
"1960",FALSE,25,95,1,90,0,42
"1961",FALSE,75,1,1,80,88,45
"1962",FALSE,1,14,46,1,25,100
"1963",FALSE,88,1,1,84,39,1
"1964",FALSE,1,72,75,64,64,100
"1965",FALSE,1,85,33,100,0,45
"1966",FALSE,88,72,1,28,90,1
"1967",FALSE,1,80,1,1,30,26
"1968",FALSE,88,1,35,100,5,1
"1969",FALSE,50,10,33,1,0,70
"1970",FALSE,50,53,1,100,0,1
"1971",FALSE,1,80,58,100,22,1
"1972",FALSE,63,32,23,80,20,64
"1973",FALSE,75,85,1,1,66,56
"1974",FALSE,75,10,23,52,94,1
"1975",FALSE,38,73,47,32,100,1
"1976",FALSE,55,10,12,1,78,64
"1977",FALSE,75,1,25,28,0,1
"1978",FALSE,75,10,1,1,0,1
"1979",FALSE,1,1,1,10,90,80
"1980",FALSE,1,38,23,25,60,42
"1981",FALSE,63,10,12,84,67,1
"1982",FALSE,88,95,50,84,32,100
"1983",FALSE,38,100,1,28,41,1
"1984",FALSE,1,1,60,95,29,72
"1985",FALSE,50,10,12,14,55,56
"1986",FALSE,75,1,35,1,0,64
"1987",FALSE,50,32,47,100,71,60
"1988",FALSE,38,1,1,28,89,1
"1989",FALSE,50,1,1,1,63,1
"1990",FALSE,63,85,47,99,85,28
"1991",FALSE,1,100,83,32,89,90
"1992",FALSE,75,5,47,90,58,56
"1993",FALSE,88,9,17,20,11,80
"1994",FALSE,75,8,38,42,58,1
"1995",FALSE,1,1,1,1,31,42
"1996",FALSE,63,16,1,80,97,1
"1997",FALSE,1,1,23,1,60,28
"1998",FALSE,55,1,1,95,43,1
"1999",FALSE,75,1,23,56,19,40
"2000",FALSE,50,44,1,1,87,64
