t,x,y,z
0,0.9990275420722252,-7.786112995401596e-4,-9.265936778587029e-5
0.01,0.999399646806212,0.0018364549674244966,4.466031456613794e-4
0.02,0.9984852555657893,0.004139281834552784,3.4875128480860087e-4
0.03,1.0008722666278322,0.006077411558743545,7.085820425977806e-4
0.04,0.9996291226631729,0.011880374460359184,3.666694376476324e-4
0.05,1.0003903608054006,0.013228632125431945,7.4550668951051e-4
0.06,0.9987934074906817,0.01372352335147538,-0.0015542008104635632
0.07,1.0008227675295118,0.01812301140711025,-8.485578182008076e-4
0.08,1.0002919363207545,0.019413188523647866,-6.299304764370171e-4
0.09,0.9998683957986171,0.0208520902163945,-6.315242221728661e-4
0.1,0.9994173460102757,0.0251129963766717,-7.624021792022897e-4
0.11,0.9998724666626125,0.02607277019882626,-7.989242855191918e-4
0.12,0.9988628148656878,0.03021810389158372,3.8475459367562327e-4
0.13,0.9991485524478464,0.03282752405685106,-2.1987956254230958e-4
0.14,0.9988330111817063,0.033441336672738,-0.0023128655773957474
0.15,1.0004576916445815,0.03710390225527553,4.971012104214868e-4
0.16,0.9985787912169152,0.036763571997010906,-0.0014261222353947937
0.17,0.9981248925736776,0.04052037884548401,-0.00013823936263553492
0.18,0.9985110678865735,0.04428193918302606,9.634995176594449e-4
0.19,0.9982816240839738,0.046287296454584625,9.243598631968662e-4
0.2,0.9987459879615745,0.04725498487156645,3.145092718579012e-4
0.21,0.9983330135945162,0.04780239742331585,0.00189267371125489
0.22,0.9975573614907263,0.05080947036139472,-5.683241052867828e-4
0.23,0.9986376417843881,0.05328861367749298,-9.801282225652675e-4
0.24,0.9993177628429456,0.053526158083446886,9.397280977105006e-6
0.25,1.0006173334449007,0.05609810814361273,-7.012898884801004e-4
0.26,0.9985688179886121,0.058042397543573467,0.0010766311321032578
0.27,0.9989794922804751,0.058792634501881595,-3.3648924998948087e-4
0.28,0.9976008943104766,0.06056208374014536,-0.0012038719625793064
0.29,0.9985176966260113,0.06356075880098637,-3.844663770131364e-5
0.3,0.9974293401246171,0.06376379927150472,-0.0010281436433396294
0.31,0.9971819446871856,0.06531504968817103,0.0016351759463949021
0.32,0.9969820891508177,0.06851149656592621,2.831079460350288e-4
0.33,0.9961004184357234,0.06874572264473959,0.0023566435780585384
0.34,0.9971359653710774,0.06902439685041253,0.0020319187592744608
0.35000000000000003,0.9976236713322391,0.07203397483480214,-6.526724784700578e-4
0.36,0.9971266967537732,0.07198784290408525,-6.126152540372238e-4
0.37,0.997312111582372,0.07164728151792496,-8.727504391685605e-4
0.38,0.9977658234943672,0.07290891898775506,0.0012324086251830643
0.39,0.9957551606102898,0.07768677939358312,-5.532145070597116e-4
0.4,0.9979169551316986,0.07418740333146268,-0.0013401784608292203
0.41000000000000003,0.9964303324139377,0.07720956395369835,9.39113205567492e-5
0.42,0.9962145091404815,0.0775050096014117,0.0011964375540615797
0.43,0.9980268113045218,0.0781533661382994,3.1913464485110816e-4
0.44,0.9964697075047435,0.077716247161089,8.914478772147013e-4
0.45,0.9948184074554992,0.07982467161509013,1.092524136773529e-4
0.46,0.996186666914675,0.08016276828963818,-1.2371785978686602e-4
0.47000000000000003,0.995403307789773,0.07820638125369787,-1.6905584899086487e-4
0.48,0.9966381903833503,0.07956611380148108,2.828151188477489e-4
0.49,0.9979195197021499,0.07889748821404335,-0.0030381487633712274
0.5,0.9956554909218351,0.08151997556408798,9.316146265847319e-5
0.51,0.995870250473956,0.08060342050766565,8.576717114292381e-4
0.52,0.9973354493209191,0.08051399903863134,-8.452035606028034e-5
0.53,0.9970521679990121,0.0798153917711978,-2.833969348554735e-4
0.54,0.9982432739037262,0.07863427789495371,-8.392021690156147e-4
0.55,0.9972131348434421,0.07875810331392417,-4.925091375547684e-6
0.56,0.9953432167616914,0.07980340944453741,0.001686487561355511
0.5700000000000001,0.998230447273271,0.0789854511676633,0.0010482610200421413
0.58,0.9988545631574016,0.07764861020991028,-2.7612687957696205e-5
0.59,0.9957655952910164,0.07484855507359817,4.825987870692799e-4
0.6,0.9975716901279446,0.07729698497640898,-7.646954159937259e-4
0.61,0.9948009972787918,0.07502718157617701,0.0019913784221676618
0.62,0.9965197227668061,0.07379894300720968,3.442214536593226e-4
0.63,0.9975976307127338,0.07282460413405203,-4.7780130935293544e-4
0.64,0.9980189044976695,0.07234689535631127,-8.555056919992174e-4
0.65,0.9974877171347891,0.07075830698532258,-0.002729707735985813
0.66,0.9970592599096446,0.0699285384539852,-3.8131999037299767e-4
0.67,0.9967235596117416,0.06796001293595828,2.4403779292087854e-4
0.68,0.9989301407169888,0.0677621758282625,0.0015166913124127302
0.6900000000000001,0.9977282344590047,0.06576861277522159,-8.941665605328782e-4
0.7000000000000001,0.9966377412030185,0.06591779535425529,-6.927162173647229e-4
0.71,0.9961608400365952,0.06349206696170535,4.0833413513288004e-5
0.72,0.9981728610168115,0.06122932405470971,-6.754695494274397e-4
0.73,0.9986314435939636,0.06158931598088487,-0.00242739537164568
0.74,0.9977609932609683,0.05813002278562438,0.0017384164401423345
0.75,0.9980755304585577,0.058229414151183,-1.3120779529986938e-4
0.76,0.9989615584250645,0.05530893159800194,-0.001439667425449155
0.77,0.9996840238923117,0.05286245391949971,-3.71096639656602e-4
0.78,0.9983761117805979,0.053082279735304265,8.936632607169713e-4
0.79,0.9999935825253492,0.04802127318104453,0.0010913479763415249
0.8,0.9987666806623635,0.04714555447056816,-0.0015491589146757394
0.81,0.9985017156927994,0.045442393819886906,-8.080855470988499e-4
0.8200000000000001,0.9995819448372261,0.04411231470069089,-4.687225734438526e-5
0.8300000000000001,0.9995724267767767,0.041746956055668714,7.859346246018237e-4
0.84,0.9995876513542777,0.04023787985770114,0.0017870699950049487
0.85,0.9984360338360307,0.03678161710796063,-0.0026548604268350068
0.86,1.0013840041057085,0.034838364730637096,1.6829727779361497e-4
0.87,0.9994816581543372,0.030969771847088847,-0.0015082204086738307
0.88,0.9988800263393185,0.030028773969214523,0.0012125838498592847
0.89,1.0005866949962883,0.030963126063440913,0.001302601905305647
0.9,1.0010645655183048,0.02699596815794049,-3.2404009668054226e-4
0.91,0.9976299939852213,0.024891833171550467,-1.9753857397144452e-4
0.92,1.0005003484495545,0.02143291376367021,5.265451291310607e-4
0.93,1.0004409818529172,0.017868129860781803,1.6445385358055954e-4
0.9400000000000001,1.001136242283924,0.01439501869367124,0.0011264151295627533
0.9500000000000001,1.0004898047123465,0.01596795281573837,-0.001777296353607973
0.96,1.000058591432475,0.011232195785360354,-3.4706663929189496e-4
0.97,1.0007597958042822,0.0075315170058483155,2.3814935618812354e-4
0.98,1.0023512812109272,0.006027503037345526,-5.872701952427284e-4
0.99,0.9994717412823296,0.0032703025929747553,8.310946773345867e-5
1,0.9993562312673152,0.0012131997783855733,1.1017209998235779e-4
1.01,0.9994967117610302,-0.002132607448477956,3.67577257059495e-4
1.02,1.0007708953227257,-0.0033672065916695464,-0.0013194261299189307
1.03,1.0003413547544047,-0.004466276073301658,-0.0015788546955578962
1.04,1.0017487345790224,-0.009728245920338632,0.0016210158703783319
1.05,1.0001694265003633,-0.011641311321705363,4.813537327984743e-4
1.06,0.9995386053567221,-0.014295500082081788,0.0016397976724976
1.07,0.9994241081090413,-0.015661455099463584,0.0021983054280147666
1.08,1.001205051344681,-0.016832451680100956,-0.001038984733988461
1.09,1.0000277181253614,-0.023516924442904263,-0.0011969129058285936
1.1,0.9990446798937208,-0.022709569508726202,6.016571621511034e-4
1.11,1.001376960939719,-0.026617416812617277,-4.4345287642467176e-4
1.12,1.0008202771538555,-0.027342221298474655,9.89693498097422e-4
1.1300000000000001,0.9989958570374842,-0.02945315994587677,4.26065342463039e-4
1.1400000000000001,0.9978180397397453,-0.03344254798399925,-9.68149250234967e-4
1.1500000000000001,0.9998486563142116,-0.03614443148294646,-5.9576187221982275e-5
1.16,0.9975856636205317,-0.037871428535659994,-8.974080276453803e-4
1.17,0.9976770031274911,-0.03871604858655802,-6.498347568987039e-5
1.18,1.0005005225850199,-0.04253987778355358,-0.0011824194852975169
1.19,1.000038829063644,-0.045263319264035186,1.233457142558073e-4
1.2,0.9996791379375466,-0.04525307816944209,2.0507929266502703e-4
1.21,0.9982792811411929,-0.050008858447348446,4.3469529538422676e-4
1.22,0.9980584053973837,-0.04993486968352907,-3.174788025493833e-5
1.23,0.9993471168655048,-0.05255269951581559,0.0013812695299449769
1.24,0.9967129291821846,-0.05486772125671495,-1.0134030819518919e-4
1.25,0.9995529168996078,-0.055256362915137976,-3.6163775268323637e-4
1.26,0.9967424155867527,-0.05747153504050828,-8.456165503255475e-4
1.27,0.999868192342679,-0.05894558752143261,-0.0010141901379794745
1.28,0.9993674478733052,-0.061079049965276966,0.0010481480507213419
1.29,0.9973689947309998,-0.06224852519510522,-5.285891173834393e-4
1.3,0.9972617155073892,-0.06493220007055002,-5.840618929356961e-4
1.31,0.9978968140222547,-0.0657819584652436,-3.572709196208672e-4
1.32,0.9978598704305481,-0.06700122670921395,-5.487418783451588e-4
1.33,0.9988074662618749,-0.06774819147325022,-0.001795465639426624
1.34,0.9984483938548431,-0.0696584547496607,-8.439747881083343e-4
1.35,0.9976182146138385,-0.07009450335634519,-0.0012307666325931765
1.36,0.9976579555719292,-0.07368186621175009,5.129659779535562e-4
1.37,0.9976640474855232,-0.07280807548124564,-2.0460424179455933e-4
1.3800000000000001,0.9981360234630481,-0.07455515195698842,6.807938265035855e-4
1.3900000000000001,0.9964759715404915,-0.07447049267218081,-7.153973664479717e-4
1.4000000000000001,0.9964524584433883,-0.0757395941056984,0.002516708224888245
1.41,0.9969511930898255,-0.07612190509331132,4.844995798658899e-4
1.42,0.9963894535992889,-0.07685679096306075,0.001506742702630525
1.43,0.9973019728166437,-0.07638249852426353,1.1860932147850332e-6
1.44,0.9968220096409565,-0.07755568784004051,7.121348175528818e-4
1.45,0.9959966470398076,-0.07748128336966023,-0.0021766186454051837
1.46,0.9967915014599119,-0.07839568807903445,8.546179190377501e-4
1.47,0.9969659302538063,-0.07965640008713648,1.1652418749786452e-4
1.48,0.9975403345738609,-0.07741903234104863,0.0014252854314708357
1.49,0.9955432668197807,-0.0785653412155131,-0.001203123121941874
1.5,0.9993065918140089,-0.07853002481874978,9.184902442902209e-4
1.51,0.9961710695131307,-0.08077157995905174,-1.6324363937111555e-4
1.52,0.9972773403903864,-0.08068149888508307,0.0014422093854254486
1.53,0.998181465224515,-0.07905613218302383,-7.681589363550457e-4
1.54,0.9959744250503618,-0.08039156425214818,0.0027806779732176845
1.55,0.9966189642940935,-0.0786402499066999,3.3951766579808204e-4
1.56,0.9977463977408266,-0.07813598439984823,0.0015506123032668958
1.57,0.9958486286093775,-0.07665067104828514,2.516686451340706e-4
1.58,0.9985697291427111,-0.07726959942494607,-3.861931823274784e-4
1.59,0.9964030212433636,-0.07677361198880664,8.902024225748476e-4
1.6,0.9966477065395605,-0.07501784218439464,-0.0011940845753010449
1.61,0.9979602468738771,-0.07446861720394765,3.8009499461481134e-4
1.62,0.9975224587368249,-0.07437393369305481,-0.0013762942408639324
1.6300000000000001,0.9993364495912166,-0.07379444770714697,-0.001660366891256804
1.6400000000000001,0.9978477346171181,-0.07296428443338461,-0.001710613855258469
1.6500000000000001,0.9964400895709419,-0.07254894471332825,-0.0014876119142335316
1.6600000000000001,0.9986807864935792,-0.07097476599958215,-3.678104627463495e-5
1.67,0.9968338460222804,-0.0710741155185581,2.8509830794070187e-4
1.68,0.9974565157994877,-0.06813740822056849,6.049665523204241e-5
1.69,0.998410603296354,-0.06791490876571113,7.935104890772646e-4
1.7,0.9980791782343577,-0.06597979860903226,9.882268965103439e-4
1.71,0.997712698713223,-0.0656344682387326,0.002296793756584579
1.72,0.9975058551745521,-0.06221072066275097,-0.001251983649485872
1.73,0.9975491224206927,-0.06114593118283668,0.001287364185351546
1.74,0.9979690323013612,-0.05959731379617928,0.0021334023800573913
1.75,0.999177587772112,-0.05797646464968696,0.0016551803844638208
1.76,0.9981033552019957,-0.05678234117892949,-0.0012738493526578104
1.77,0.9980093413043989,-0.05475515652794276,-7.780029284486195e-4
1.78,0.9978402674611437,-0.051179564592850196,-0.0041516344055914966
1.79,0.9981405469587477,-0.05176524767029092,0.001203035488615705
1.8,0.9993811503980241,-0.04865600679040066,4.0006300789323417e-4
1.81,0.999178217972278,-0.047754104622165186,-0.001842172883367514
1.82,0.9988832281145494,-0.04385458116832811,4.839779305991302e-4
1.83,0.9998638922366443,-0.04153327612888901,-4.696727428822729e-4
1.84,0.9989302520160577,-0.040992223420534386,0.0012164930036364047
1.85,0.9997028585369928,-0.038591621088183946,-0.0010441623009015929
1.86,0.9983800648078581,-0.036424259479052055,4.1992131946959636e-4
1.87,0.999575564718905,-0.03346897163226855,7.844054420626881e-5
1.8800000000000001,0.9987461917115793,-0.02869146829553493,-7.891627062252746e-4
1.8900000000000001,1.00011991955033,-0.02802278869837417,-3.7094771202669124e-4
1.9000000000000001,1.0007502837021836,-0.026736064776073695,2.488935262880652e-4
1.9100000000000001,1.0001871812239194,-0.021952411031270925,9.559041373638645e-4
1.92,1.0004876390686632,-0.020446586398601654,-0.0010763431534726883
1.93,0.9988754008102076,-0.018739647251590674,0.001146577514025723
1.94,1.0002722485161568,-0.017071324153693324,-9.64932606527795e-4
1.95,1.0014628265024503,-0.01503868085923418,-3.244252321531398e-4
1.96,0.9999347478449836,-0.013515221122290014,5.894410597204687e-4
1.97,1.0000514043883086,-0.008855673322768908,3.2949687745054146e-4
1.98,1.0006234116173351,-0.007721993587423094,-1.408558790767932e-4
1.99,1.0007976058368109,-0.004404833866811255,8.951098071115893e-5
2,0.9991089012453508,-0.0013853781687516256,-0.0015236231977292852
2.0100000000000002,1.0005245530195934,2.9455462769791707e-4,-1.2083808303001068e-6
2.02,1.0005295972828239,0.0014032245127345425,-0.0015023828379360097
2.0300000000000002,1.0009719874920004,0.006034625482032269,3.37874752188448e-4
2.04,1.0000751619689439,0.007600081923599924,-5.616332484776458e-4
2.05,1.002686231845007,0.011444097442259988,0.00101355715167578
2.06,1.0017611673360112,0.013500965371030215,-3.613574283288513e-4
2.07,1.000097054183741,0.014230467755237744,3.2199620208550123e-4
2.08,1.0011625810546814,0.018683834206183397,-8.264062166464215e-5
2.09,1.0012337461433802,0.01968830768655976,-4.557247187271485e-5
2.1,1.0010664096562814,0.02180172845560835,0.0010191610319103253
2.11,1.0007440892097017,0.025700064788128855,7.52001970468012e-5
2.12,0.9993857371199705,0.02642486602055006,-5.456583707336475e-4
2.13,0.9982148834126363,0.030210146376087325,0.0012041864359879338
2.14,1.0012721699214109,0.030764514558384203,-2.574101191722777e-4
2.15,0.9988148208164062,0.03343532045033742,-0.001155870001954193
2.16,0.9983575752287934,0.03401782305393783,4.1682957851758336e-4
2.17,0.9982583065257963,0.039784139097934726,-2.4344382970564664e-4
2.18,0.9974513152574488,0.0398942563366045,-7.591975259413675e-4
2.19,0.9992797100840781,0.041691733295700875,-0.0026065886145030396
2.2,0.999574373447731,0.04348377551113852,-9.147116711336023e-4
2.21,0.998866659010452,0.047192168392505125,-7.38043400747745e-4
2.22,0.9998698020760671,0.049093617777154396,0.0010326116280143997
2.23,0.9983635661721252,0.05055858505246859,0.002111335642225416
2.24,1.000185421752514,0.05484279076064483,1.2641731174927535e-4
2.25,0.9990110635943343,0.05587625559611078,0.00262930343988718
2.2600000000000002,0.9988495398774094,0.0563511954770193,-4.876164174078522e-4
2.27,0.9976903543021255,0.05834305817554606,-0.0010887415259221087
2.2800000000000002,0.9984842319967762,0.060263286958909014,-3.125908664599371e-5
2.29,0.998440225770375,0.06117728233818259,0.0013329750486723046
2.3000000000000003,0.9976414327474578,0.0632055701165561,7.483043697335092e-4
2.31,0.9988648650061897,0.065318719845932,-0.0011543731650312046
2.32,0.9976484620320856,0.0646686928589783,1.1152215860290816e-4
2.33,0.9989116074515484,0.06655706284423694,-7.039234078060793e-4
2.34,0.9987555025520407,0.07025197840852766,-1.0221182536630823e-4
2.35,0.997670902586531,0.07057270505349099,0.0010028840603988143
2.36,0.9972927665492504,0.06941378433612395,-0.002485771155012698
2.37,0.9976865878323928,0.07275196286590091,-0.002363863981300922
2.38,0.9978158758413574,0.07324633012230378,5.419397186989699e-4
2.39,0.9968746290188517,0.07394340466547579,0.002623889145213221
2.4,0.9969658442218141,0.07377639977531168,-0.0011247089611661164
2.41,0.9960007891635417,0.07392875020951832,-1.437400513784623e-4
2.42,0.9975770060487068,0.07593125177335454,0.00108201750780507
2.43,0.9981381377142852,0.0777053440532664,-2.473058932180146e-4
2.44,0.9965597752181433,0.07927838604942436,-6.666067088337962e-4
2.45,0.9966507946705749,0.0770116494968941,-0.001097313910443556
2.46,0.9971576313235065,0.07905016012106014,0.00119186129504385
2.47,0.9976186934991531,0.07768808743714713,3.259072545521854e-4
2.48,0.9974923881297476,0.08138981971206903,1.480384860866085e-4
2.49,0.9969388137141632,0.07749697418124482,-0.0010447192319413456
2.5,0.997923704828884,0.08017676555981663,-4.5037636545465395e-4
2.5100000000000002,0.9973403580824193,0.07878259920003636,2.0070927013204198e-4
2.52,0.9960308894291438,0.07883637071017968,-2.549517578480103e-4
2.5300000000000002,0.9961082817192735,0.08163406661096899,6.87712103365832e-4
2.54,0.9980246799793328,0.08023039143052879,0.0011386358016242026
2.5500000000000003,0.9971519254786899,0.0789190385965664,6.629711640811463e-4
2.56,0.9967534173873186,0.07848945513756289,8.905708755734973e-5
2.57,0.9974139018148171,0.07927481665646612,8.483472762401108e-4
2.58,0.9981233312936454,0.08069961406316686,0.0012341107570806903
2.59,0.9967702608219539,0.07617299608476352,0.0012323897145958115
2.6,0.9947283760936454,0.07671823157050212,2.8049577031940355e-4
2.61,0.9967414926690403,0.07656639154286543,4.875150594461258e-4
2.62,0.997961827509367,0.07498320678210964,0.0013378821192306426
2.63,0.9972646148864737,0.07537821702277837,-0.0016480977550246275
2.64,0.9976473741387812,0.07314941076124032,-0.0013549722955513272
2.65,0.9977126472880349,0.07158916296813327,6.552750898577799e-5
2.66,0.9973315880543646,0.07140656625566659,8.409196677012423e-4
2.67,0.9974593639563387,0.0706194315181186,-6.36090413818208e-4
2.68,0.9957260045478337,0.07006597287042604,0.0012060555025868776
2.69,0.9970838590820986,0.06696591953902618,-3.808440991490837e-4
2.7,0.9987879273477339,0.06432313226293769,6.38985915912594e-4
2.71,0.9981868168844245,0.06383011096941422,-2.3221843883763224e-4
2.72,0.9977041134610134,0.06323935879530311,-4.788439729367237e-4
2.73,0.9989433142891723,0.062234735045415546,-4.736049506768658e-4
2.74,0.99816423675034,0.05998745804102111,0.001558627867423784
2.75,0.9982707324005344,0.05843681074354285,8.500170097832455e-5
2.7600000000000002,1.0000704140654344,0.05488741257736999,-7.235598853852424e-4
2.77,0.9998263421405992,0.0549373643231476,0.0014745146645565124
2.7800000000000002,0.9980062919947623,0.0531784960602819,7.390577302426067e-4
2.79,0.9985718234279355,0.050781639602471326,5.017395915827418e-4
2.8000000000000003,0.9989543696574062,0.04987984914408045,9.14013025461571e-4
2.81,0.9989351088925948,0.045849360046325616,8.681101807259274e-5
2.82,0.9987516361163468,0.045108086732421386,3.229086027278358e-4
2.83,0.997421431919485,0.04199419782453453,-2.4590596899565453e-4
2.84,0.9978423872329981,0.04069758562768503,-2.608960578452549e-4
2.85,0.998168898818023,0.03842508916509163,-6.213197695554582e-4
2.86,0.9997149387542879,0.035618835033472226,8.300278462629282e-4
2.87,0.9994854754686149,0.03392603792809522,7.133418681728373e-4
2.88,0.9992677095528145,0.0327212642839046,-0.0012493050318037708
2.89,0.999301309958599,0.029791862166243258,-2.4731233745706996e-4
2.9,0.9971791474826087,0.027165609123885593,4.908750871003332e-4
2.91,0.9993256571970842,0.026255443217118687,5.250464471138822e-4
2.92,0.9997321430943872,0.02324735341523171,-0.0014232855716062437
2.93,0.9991165052032444,0.020964854178349583,-8.178258090108204e-4
2.94,0.9996444619376669,0.017805328630079113,-6.052172226321484e-5
2.95,1.0007585395888847,0.015153606064012514,-4.635291340222074e-4
2.96,0.9990102812066859,0.012990499197601868,0.001063141526243703
2.97,0.999311707275182,0.009204049945231094,-6.346236455808927e-4
2.98,0.9991966956888643,0.007737676844604784,4.293657493852287e-5
2.99,0.9990365453858788,0.006303543195839654,-6.128311331214113e-4
3,1.0027761109619968,0.003689080670921912,4.921372068103908e-4
3.0100000000000002,0.9994222833348124,-1.4613503839655388e-4,-2.2173070641182954e-4
3.02,1.0012426802741043,-0.001427556702349725,0.0016805562768501465
3.0300000000000002,1.0030126680072091,-0.004441615821936065,7.494391889979324e-4
3.04,1.0015389180671945,-0.006765904137267138,7.8233594280526e-4
3.0500000000000003,1.000691751533404,-0.008563569210312242,-5.3346821351278556e-5
3.06,0.9985722649220931,-0.012883681586067695,0.0012202217160950306
3.0700000000000003,0.9994548577563859,-0.015081265654934102,0.002582819543167012
3.08,0.9999429929056575,-0.016509777418136,-3.548790839099895e-4
3.09,0.9988159119708019,-0.020118060369947798,-7.282209961382932e-4
3.1,0.9986429890899798,-0.020430933241075675,-9.756276768694511e-4
3.11,0.999330764588873,-0.02445114071713672,0.001408882153018066
3.12,1.0007270876758263,-0.026722431776277932,1.1098829699779661e-4
3.13,1.0003075223123725,-0.02841699528813366,-3.3336014086219316e-4
3.14,0.9986995100594953,-0.03135142446413089,-1.9930228776979112e-4
3.15,0.9994725949973455,-0.03351024443053044,0.0011486820209008176
3.16,0.9979040324351731,-0.035560556134587834,-2.7891742256301604e-4
3.17,0.9988658383147936,-0.03719257453652233,5.097448058265762e-4
3.18,0.9994034712755412,-0.0399175604678864,-6.679305497937399e-4
3.19,0.9983477583280909,-0.04123314456408925,4.881716276575625e-5
3.2,0.9990212279661015,-0.04572248710420349,-0.0016100023048853031
3.21,0.9955537036666533,-0.0458500136669832,-8.512642963390109e-4
3.22,0.9987954017163827,-0.049796566592075674,-7.056230800301491e-4
3.23,0.9972633472008228,-0.051147842271979695,0.0013482241342854576
3.24,0.9989309262236487,-0.05235050901453181,-5.955831547078921e-4
3.25,0.9999948597932677,-0.053527958409530875,-4.3013004099905124e-4
3.2600000000000002,0.9980031407548988,-0.05524503960352632,5.683365632982855e-4
3.27,0.9987227297062916,-0.056879011079159436,-0.0011913177216119149
3.2800000000000002,0.9975483416066735,-0.059976099963155484,2.934310554507952e-4
3.29,0.9975479724703015,-0.060911507330714376,8.605053440651806e-4
3.3000000000000003,0.9990663344157015,-0.06327093404457573,0.0013316490376909824
3.31,1.000128965447,-0.06432345782472661,-0.0017436515321323672
3.3200000000000003,0.9967823666875353,-0.06721563976113944,-7.605262596727776e-4
3.33,0.9977583358702604,-0.0666516070030004,2.852770341320621e-4
3.34,0.9980380458705481,-0.06789622027380679,7.625828891012521e-4
3.35,0.9977784990364293,-0.07014541023618714,-6.836058491145027e-4
3.36,0.9983619930140436,-0.0723499411266387,-0.0014130889367066405
3.37,0.9978169983635962,-0.07248972561954672,1.5000589027166415e-4
3.38,0.9992471937619228,-0.07348332196907982,-1.4641478731717978e-4
3.39,0.9962911154298133,-0.07423045796412567,-1.7184944232286832e-4
3.4,0.9973689457916435,-0.0748243164524042,0.001056778184890269
3.41,0.995787542425176,-0.07771868985418924,-2.463402916480034e-6
3.42,0.9974903133764775,-0.07614524075530608,0.0011188595536224175
3.43,0.9962235415908086,-0.0777553759047822,7.332968009331495e-4
3.44,0.9963427504129906,-0.07770424666913728,6.120259470520804e-4
3.45,0.9976758015859474,-0.07755069830059884,6.957785242748441e-4
3.46,0.9977444900051528,-0.07786458851029515,-7.366955825727104e-4
3.47,0.9953558072125914,-0.07668787434602947,5.929312844531381e-4
3.48,0.99590644750257,-0.0805104419530743,-6.162870882063615e-4
3.49,0.9967329193554041,-0.08074065991180823,-2.1194584227812864e-5
3.5,0.9980387373833101,-0.08003960894616843,-0.0011156051151509894
3.5100000000000002,0.9985553195492306,-0.08004810362945579,-0.0010456703175885074
3.52,0.9977976944756666,-0.08039844736734059,9.867488376049003e-4
3.5300000000000002,0.9962001866105009,-0.07869574378443595,0.0012143832161716482
3.54,0.9977626234530828,-0.07849011806314346,0.0022500571304628404
3.5500000000000003,0.9968904144090281,-0.0791119905287732,-0.0012909645936647484
3.56,0.9958864695673807,-0.07824161740165839,3.110998516289607e-4
3.5700000000000003,0.997225124087829,-0.07816332390862928,6.323018614397763e-4
3.58,0.9968230585824476,-0.07735701650057479,-2.2407384957874325e-4
3.59,0.9951927616981064,-0.07625439759336486,9.313069147136578e-4
3.6,0.9973290283081704,-0.07856656945338086,3.6969874477724504e-4
3.61,0.9984167441013669,-0.07600054504839991,8.0922480092774e-4
3.62,0.9986891322496596,-0.07353660209463264,-4.961275346004975e-4
3.63,0.9976183021164553,-0.07512780823496851,3.971806874521378e-4
3.64,0.9985453915172523,-0.07494305442853987,4.729587418631573e-4
3.65,0.9995356175884113,-0.07292218849764429,0.0013707592587305561
3.66,0.9968192368453863,-0.07324040259930649,5.850876090356186e-4
3.67,0.9968371403702752,-0.07139477727025405,-2.9982204414527776e-4
3.68,0.9959068168915642,-0.0682344338476718,1.3260676275898055e-4
3.69,0.9989726440282665,-0.06794879633083893,0.0017988392006571834
3.7,0.9981313262660106,-0.06827376708838052,-0.0013098891292138753
3.71,0.9989091732949432,-0.0664489422024171,0.001376901525513687
3.72,0.9993783208562427,-0.06532882425989399,-0.0012550168468646267
3.73,0.9983280557162714,-0.06215509963491694,0.0010953316529226482
3.74,0.9980051602806363,-0.057925160034163974,-0.0021560549753919076
3.75,0.9988296482774696,-0.05874183315858342,2.634142667205352e-4
3.7600000000000002,1.0003493441691471,-0.05928262523828014,4.6179861873300035e-4
3.77,0.998010239255328,-0.056119077322939394,5.74427293141026e-4
3.7800000000000002,0.9969309615670466,-0.05395911474947344,-0.0015614544465727346
3.79,0.9970218483574079,-0.05111598562144127,-0.0011960139895031236
3.8000000000000003,0.9976263618907965,-0.05018259762344114,3.764861399819582e-4
3.81,0.9977830089278807,-0.047135286160603036,0.0024253218448819797
3.8200000000000003,0.9975975451620661,-0.045782210103238616,-6.431862038602484e-5
3.83,0.9970382886047875,-0.044074579882357974,-9.138862674890595e-4
3.84,0.9977064213404921,-0.04150902034770752,2.646966647992241e-4
3.85,0.9998893603800405,-0.038681982881141934,3.8782404953410457e-4
3.86,0.999887103266451,-0.035544711450579754,1.1543445223129976e-4
3.87,0.999050999230725,-0.03425942006891765,2.2006284931866258e-4
3.88,0.9991268748365948,-0.032595741405682735,-0.0010164388994593576
3.89,0.9995877638925359,-0.030114991787794743,-6.728767030414073e-5
3.9,0.9998767961480461,-0.029661968109853748,-0.0010065572659896619
3.91,1.0004320516867655,-0.027082731157973543,0.0018181223103272194
3.92,1.0011471106247225,-0.023564378408674008,6.739867487009089e-4
3.93,1.0008717352303007,-0.02226490755349533,3.6590311725802425e-4
3.94,0.9996640604662302,-0.019711171049418646,-5.139554665126852e-4
3.95,1.0006833801208275,-0.01612564530289768,-8.968458957089319e-4
3.96,1.000299751370179,-0.014031495154702995,3.248153555375201e-4
3.97,1.0015287169258662,-0.011866681698267992,-8.011875559499916e-5
3.98,1.0005558882632664,-0.00970040063873694,-0.001126672453419758
3.99,0.9983038719617735,-0.005577689152443801,-0.001578321389940521
4,0.9988461489926778,-0.005301268680294541,-0.001186854653382797
4.01,1.0000645874329062,-0.0012849387733179932,-8.07972387366879e-4
4.0200000000000005,0.9991448235566559,0.002481878940437338,4.348507889490045e-4
4.03,1.0008159584605605,0.005149875260081728,2.929415074535039e-4
4.04,0.9993760220787458,0.004379795395800376,7.215043955702261e-4
4.05,1.0006028615959455,0.008404422376141104,8.134731461980506e-4
4.0600000000000005,1.0004794430633093,0.009174574999851396,-5.044054577723536e-4
4.07,1.000504966117981,0.013604169557278946,9.853369718615233e-5
4.08,1.0006910766237205,0.015372751359376446,4.56010493540789e-4
4.09,1.0000260239873844,0.017311753124677996,0.0018706255445883676
4.1,0.998346061276935,0.021422353206067498,3.9346651594991233e-4
4.11,1.0001040324243184,0.023973808273737917,-2.6111354810235928e-5
4.12,0.999487826024298,0.026241939247961133,-0.0012060975234102838
4.13,0.997867480337255,0.026971152125325304,0.001210596801657576
4.14,0.9985440258872949,0.031691725583826505,3.4252410974155235e-4
4.15,0.9987871225795402,0.03331222866200163,-5.259625679995144e-4
4.16,1.0004998953740227,0.0328204216327207,-4.2674463915867064e-5
4.17,1.0011599661891044,0.03815229873837441,5.78539779039857e-4
4.18,0.998814506020546,0.03879615394258226,-5.84361197015734e-4
4.19,0.9982758231053706,0.04300861136120729,-2.944221382636402e-4
4.2,0.9957879477032966,0.04371474078995789,5.257110436966132e-4
4.21,0.9991851640703383,0.045546928598536596,-0.00206511812523043
4.22,0.9981013758850924,0.04661720733417265,0.0023553399573749685
4.23,0.9979342402251058,0.050338641177249795,9.969979884624804e-4
4.24,0.9984502673688191,0.05290217631575454,6.000698829351027e-4
4.25,0.9987722216758468,0.0528533581432157,4.921893307570366e-4
4.26,0.9969097482291386,0.057591939782908365,2.9883679832137485e-4
4.2700000000000005,0.9987226226998652,0.05743683651155082,9.045217378034631e-5
4.28,1.000093203628651,0.05785065780826622,-7.836575721844829e-5
4.29,0.9980928181174646,0.061433080803925975,0.0012756375754260794
4.3,0.9988225490776904,0.06128923808626233,-5.087619113800311e-4
4.3100000000000005,0.9963832919124632,0.06345092746876146,-4.722327530968647e-4
4.32,0.9983246371280795,0.06384941605247686,-7.019172148779562e-4
4.33,0.9972180563776024,0.06624123671117833,0.0020710492028717976
4.34,0.9965660884754143,0.0663744272831321,-8.008370962670562e-4
4.3500000000000005,0.9975505240837836,0.07038049602527152,-1.5355935974801314e-4
4.36,0.9983020667337806,0.06959547223829594,-0.0010426536345152617
4.37,0.9974996994068053,0.06954848994745276,-3.1016772516686305e-4
4.38,0.9973416586995107,0.07101495197749999,7.556628407866028e-5
4.39,0.9985813404144167,0.07407306509217217,5.290510526043352e-4
4.4,0.9983946801665455,0.07503443049173279,-6.393076237307439e-4
4.41,0.9962494910411581,0.07704963931022744,-5.041754386609078e-4
4.42,0.9981039826358317,0.0757551756099622,2.2242801254245594e-4
4.43,0.9967496842654232,0.07743080720784604,-0.001735272810665921
4.44,0.9977522010496883,0.07830160328793016,2.974334855048959e-4
4.45,0.9970479217362997,0.07708649991956341,1.191000935513497e-4
4.46,0.9961809195307832,0.0788849943726869,0.00034785513926368624
4.47,0.9958289797095352,0.07931510526700594,-0.0011766247363039265
4.48,0.9983350534242551,0.08045344323282488,-0.0024192515365460284
4.49,0.9958403043259831,0.08081551003642477,-1.5804494780478212e-4
4.5,0.9973596809202346,0.08043860015930668,4.1900085665505526e-4
4.51,0.9969681427654647,0.08066169782738258,-7.719305962758627e-4
4.5200000000000005,0.9961817221084605,0.07945113241310262,5.438336897457763e-5
4.53,0.9974247513471939,0.0811091852547119,6.6480469777041e-4
4.54,0.9957305803106122,0.07876349955347724,-7.991771883484167e-4
4.55,0.9979027571960163,0.07829874668700103,-7.164094011830799e-4
4.5600000000000005,0.9956210160569076,0.0791639383330719,2.527892103043656e-5
4.57,0.9967917817988876,0.07860579150380123,5.484467196197293e-4
4.58,0.9967802574920919,0.07634818537967673,0.0018277287949810105
4.59,0.9972829349437607,0.07918873798675184,4.6219348705063535e-4
4.6000000000000005,0.9958945967675265,0.07784179680581045,0.002478854086425765
4.61,0.9968930558422447,0.07544401123730958,-9.247549032696883e-4
4.62,0.9973527470045281,0.07531245773692424,-3.9712133647464807e-4
4.63,0.9979318319327576,0.0744734833389199,-0.0011552682706707298
4.64,0.9954664428383794,0.07458727101557804,-8.461796350001547e-4
4.65,0.9963313387144869,0.0741281376756559,0.0013445709433510976
4.66,0.9984702902441543,0.07160295570164114,-0.0011434648518799868
4.67,0.9964134101714278,0.07178973753298916,-9.061371001239935e-4
4.68,0.9979761165919327,0.06822664469247325,-4.66398677916712e-5
4.69,0.9970712560902931,0.06886254913057174,-8.514459153979031e-4
4.7,0.9959894546694422,0.06419866685674573,5.7140479921984496e-5
4.71,0.998127000000602,0.06537173256630194,-5.031350316503825e-5
4.72,0.9976932685743084,0.06238123239471236,0.0010364438604496626
4.73,0.9978540269586882,0.06382504614868616,2.3853449431587018e-4
4.74,0.997520990891594,0.06013528509192261,0.0012658931900366888
4.75,0.9992024013861226,0.058693340538021,-0.001687669010403822
4.76,0.9969340809168513,0.05909133034262456,-0.001211183002501659
4.7700000000000005,0.9972021910344936,0.05580833664406923,6.318032896586807e-4
4.78,0.998915577213372,0.055113630407252166,0.001725310611423421
4.79,0.9975591255319123,0.0539384753763521,0.0013559866504260377
4.8,0.9982093963121567,0.05000251896582035,-0.001510209760654207
4.8100000000000005,0.9998311879549241,0.04764450727547306,1.8336516028773727e-4
4.82,1.0009841526462524,0.04721134684837013,0.0016073815382028746
4.83,1.0002095445450123,0.04540637258500903,3.0128491517206236e-5
4.84,0.9977287840154304,0.040797498382755405,6.608609018593247e-4
4.8500000000000005,1.000020048605882,0.04236901869675516,-9.667915003104619e-4
4.86,1.000409922625372,0.03799466463519674,9.645825357196402e-4
4.87,0.9992911453049275,0.03536918637434793,-4.493949462100265e-4
4.88,1.0007795016422978,0.034873876061488035,1.7474652437047457e-4
4.89,1.001481882461705,0.03206181321473678,-3.173648329455302e-4
4.9,0.9995888258083001,0.030170424478185468,-2.3234425774300478e-4
4.91,0.9982888580632673,0.02385039864400052,2.572604147450293e-4
4.92,0.9973652861350092,0.023344613150787036,2.5852971684529305e-4
4.93,1.0015132517460943,0.02347535723920214,-5.005649739001498e-4
4.94,0.9977993506136444,0.019352722003733683,6.577183255200759e-4
4.95,1.001896058518768,0.01743793768701384,-4.3385716502858835e-4
4.96,1.0015073891110524,0.016284441092135362,2.762144455290429e-4
4.97,0.9992581570142081,0.013075535981050443,-8.845087820992736e-4
4.98,0.9996300537023335,0.012253304561511687,3.3880994742766304e-4
4.99,1.0001685900319153,0.008222084916440203,0.0015643886491866791
5,1.0009006771200237,0.00491587583442346,-9.721225067862971e-5
5.01,1.0002800711022235,0.0024274884778062934,-6.940968254723416e-4
5.0200000000000005,1.0017690729199207,0.0012948696535237667,-6.616931318659591e-4
5.03,1.0005822555990043,-0.0011186142982003184,0.0018575551007085859
5.04,0.9995563125746777,-0.0062314617049289926,-2.8123227731592925e-4
5.05,0.999550596379796,-0.00909735095034013,0.0010187109473893073
5.0600000000000005,0.9986912368619543,-0.011347223654264322,-0.0013925100067646162
5.07,1.0011721891876135,-0.014153204627194554,-0.0015038217046539758
5.08,0.9997564386945026,-0.015779479966463016,-1.1142674319294946e-4
5.09,0.9994065297476378,-0.01626639379234271,0.0015360656465216672
5.1000000000000005,0.9989990408670721,-0.019761541808891933,9.80627982803004e-4
5.11,1.0005546662923506,-0.02202263214358346,-8.868745812329938e-4
5.12,0.9995266968347043,-0.023955133965421094,-0.0013555373130073876
5.13,1.0010521348669095,-0.025667050964905815,5.067675307284849e-4
5.14,0.9995566143719977,-0.02940586799319245,-8.664405439375798e-5
5.15,0.999580255188249,-0.031109535210471558,8.497903043179989e-4
5.16,0.9991445702775487,-0.03530818183875016,-0.0013725488561274095
5.17,1.0015908271813436,-0.035957242880766606,-2.8650821944472367e-4
5.18,1.0003325585652432,-0.040280540686616864,-5.207585446477644e-4
5.19,0.9980119782990338,-0.040776083587235404,-0.0018532582738579
5.2,0.9999360135737011,-0.04058858728964284,6.451777378834321e-4
5.21,1.0004319287377756,-0.04414806023782607,0.0016564940428336356
5.22,0.9982524258581241,-0.04713314509904944,7.766147370816064e-4
5.23,0.9993158472623486,-0.05027702370399604,-4.473091721975292e-4
5.24,0.9992187903845676,-0.04985414715052003,-5.570263025774955e-4
5.25,0.9985576709038017,-0.052430427820310106,2.225509827534931e-4
5.26,0.9970696182941943,-0.05397525465095744,-6.061890181920425e-4
5.2700000000000005,0.9966976441831736,-0.056188515282987,-0.0020029392580108068
5.28,0.997806515851835,-0.05747896159495793,2.864314727670837e-4
5.29,0.9975406077603334,-0.05847624006770519,-0.0012049617971326466
5.3,0.9980444385959214,-0.06042910880958727,0.0020993615333566606
5.3100000000000005,0.9967948711627708,-0.06136461228170964,-5.2127193300384994e-5
5.32,0.9982604373624848,-0.06469075584907942,-0.001454770638658159
5.33,0.998623014524677,-0.06605588331265307,5.624858395430877e-4
5.34,0.9975159626041699,-0.06836716952665693,-0.0012220606452642683
5.3500000000000005,0.9968634188463542,-0.06704472050289834,2.708065012459841e-4
5.36,0.9973553297420582,-0.06974317808560364,4.238245275954009e-5
5.37,0.9977414835069703,-0.07077129471990379,-7.630959557522539e-4
5.38,0.9972908696158824,-0.07194017266578119,-1.0199525966840965e-4
5.39,0.9978864960087688,-0.07123256362462775,2.367770598197893e-4
5.4,0.9984311302796164,-0.07263983352265495,-0.0013316962381206175
5.41,0.9986575844529197,-0.07574388728533904,1.6952452990476598e-4
5.42,0.9977032097902913,-0.07615643016838881,2.5912639780127265e-4
5.43,0.9981343516446411,-0.07783005078791726,5.772181571304917e-4
5.44,0.9964881980414576,-0.07487191726936655,-0.0010516604787933817
5.45,0.9978021747825095,-0.07744772166102813,-5.689743732192676e-4
5.46,0.997855396134139,-0.08004648342684142,7.877604741880312e-4
5.47,0.9986842179025984,-0.08037605354563851,-3.460048647595202e-4
5.48,0.9976075384430169,-0.07909662565151417,5.742592323394032e-4
5.49,0.9967825139565101,-0.07899478873875264,-2.996437682485452e-4
5.5,0.9963922507333232,-0.0796604267664339,1.6023387417807145e-4
5.51,0.9963266228129483,-0.08002170881790527,-8.901603619523487e-4
5.5200000000000005,0.9970442211484224,-0.07835400588964928,-6.183220353625621e-4
5.53,0.9967054271530789,-0.07887588294928152,4.2063836837863725e-4
5.54,0.9958286511562225,-0.08073854209650397,-6.074034001260447e-4
5.55,0.9958661004640603,-0.0788150579318388,6.222624855641132e-4
5.5600000000000005,0.996676363251895,-0.07873367353808432,-0.0017924993374547702
5.57,0.9964072138343267,-0.07863845278617512,-2.847997989062424e-4
5.58,0.9954518533983806,-0.07687421671700771,-0.0015910457354101576
5.59,0.997471315087658,-0.07881891763411052,3.986934288477106e-5
5.6000000000000005,0.9970774586016646,-0.07704087583349822,-3.9430559295172e-4
5.61,0.9963408602339275,-0.07678303903087799,-0.0014266993464236107
5.62,0.9967235386754709,-0.07416043115308583,7.715470221106349e-4
5.63,0.9966460031315665,-0.07451981625049463,-5.409227170946978e-5
5.64,0.9975691084161223,-0.0748228703565216,-7.688283753309638e-4
5.65,0.9986028245351336,-0.07351274554786501,5.405717791012073e-4
5.66,0.9997600033406603,-0.07230350569295026,0.0010586489151745108
5.67,0.9961097722168594,-0.07168268227902524,-0.0011626017678188234
5.68,0.9972586577706891,-0.06913742704192573,-1.2810831621690074e-4
5.69,0.9985428619278104,-0.06937613488694452,0.0011092549482414938
5.7,0.9970575975239406,-0.06562935450774296,0.0023253020982235708
5.71,0.9983317588595693,-0.0661996395517065,9.386166274196012e-4
5.72,0.9992358662958252,-0.06428125243158703,2.6666602561090986e-4
5.73,0.9990405634170529,-0.06392129447209766,-3.711010616031902e-4
5.74,0.9989276071564759,-0.06225489474268907,-4.602494962449214e-4
5.75,0.9978142126615436,-0.05947044375002063,4.295011584490497e-4
5.76,0.9972220719854699,-0.059285654170980064,5.172996223944051e-4
5.7700000000000005,0.9969382036628961,-0.057141442786480943,-3.582846717712493e-4
5.78,0.9981000245866416,-0.05423357385407911,0.0010726378134063076
5.79,0.9992315404807957,-0.05444005739817472,9.814393614409288e-4
5.8,0.9970200737480678,-0.05138202518003703,-0.0013971385069143625
5.8100000000000005,0.9993222311371861,-0.04930824222660156,-8.853728163504129e-4
5.82,0.9977727436046797,-0.04649216089794303,-4.5881876276543523e-4
5.83,0.9996964543549895,-0.04463663905937257,9.36212138589162e-4
5.84,0.9969531572925329,-0.04299603587128993,4.8820527638692156e-4
5.8500000000000005,1.0002277872861742,-0.04063851662398517,0.001031541596201955
5.86,0.998540150493163,-0.03928765192935479,-0.0011284167402344687
5.87,0.9998685366862319,-0.037102734492170227,1.1847967470820169e-4
5.88,0.997819097575093,-0.03378977240807643,1.5626944550094002e-4
5.89,0.9996926821042269,-0.0329351664389349,4.049513522735694e-5
5.9,1.000643207353664,-0.028775818060490926,-8.879711937710692e-4
5.91,0.9995265644530046,-0.02891514678740806,7.763131978048786e-4
5.92,1.0006474843547168,-0.027418671688816124,0.0013970950630623497
5.93,0.9988108376712888,-0.02282036816567997,0.0013400898524787736
5.94,0.9996873569825784,-0.019046490629306904,-6.395216384443743e-4
5.95,1.0003122518631022,-0.019464072208713067,7.597238831336043e-4
5.96,1.0004914511098966,-0.01591433138410868,9.632601951054586e-5
5.97,0.9987274273904444,-0.01299910507008921,-6.587150712806596e-4
5.98,0.9994557925863564,-0.011147971340001787,-0.001158665440923728
5.99,1.000603352377,-0.008436037547012713,0.0017582523527444583
6,0.9986530187484636,-0.005751865325526058,6.670344925179671e-4
6.01,1.0003115952479984,-0.004828888272661978,0.0015611295096915796
6.0200000000000005,1.0003654978947052,0.0020353575040404155,0.0015512984079738992
6.03,1.0005823631449415,0.0019326451417684852,6.772026104625893e-4
6.04,1.0002027958463178,0.005229302417509605,-8.642224730240396e-4
6.05,1.0001279602823634,0.005796713502072068,7.857091591778784e-4
6.0600000000000005,1.0000900734381435,0.0073965865259103,-0.0011534060186881537
6.07,0.9995136998447898,0.013730263082784333,0.001149775962508099
6.08,1.0000372278267105,0.013336488269178501,6.942213731947419e-4
6.09,1.0024010309830609,0.016249999760572256,-5.189698302042169e-4
6.1000000000000005,1.0001220312880983,0.019683437406485583,-4.656678244349072e-5
6.11,1.0000283601143762,0.02211428924447861,-0.001819819873915211
6.12,1.001331342140494,0.024450007948326864,0.0018856073218809625
6.13,0.9981076442491557,0.028184003156421993,-1.4648308034817726e-4
6.140000000000001,0.9997047559689233,0.029305057431665574,-0.0016423713146297054
6.15,0.9988946798660386,0.030475707737000483,-8.705580548955574e-4
6.16,0.9986455507788584,0.03339920983552864,6.907397153527164e-4
6.17,1.0003963161327036,0.034912961449212854,0.0017269596842936106
6.18,0.998599784486331,0.03740560286162651,-5.749801853333021e-4
6.19,0.9987401730809702,0.0395850598437106,1.4692777971978482e-4
6.2,1.0007905843574703,0.04303295816777063,-0.001404495061626913
6.21,1.000241287920783,0.04336497891621618,2.502911503261008e-4
6.22,1.0006420687735078,0.04607533179536081,2.8836571820794874e-5
6.23,0.9984426831343013,0.04849941198906145,0.0011875285841522587
6.24,0.9979571931996627,0.04853650104200576,-4.1299251008872315e-7
6.25,0.9997619008007791,0.050833151444993854,-9.195915367339258e-4
6.26,0.9984701394348133,0.05361685067906548,-3.324702392201039e-4
6.2700000000000005,0.9979411808231534,0.055620674150440245,-0.0012015262761165344
6.28,0.9970807142422401,0.05547008533931853,-8.637516161374722e-4
6.29,0.9981315883516468,0.059124457657806384,7.87155912951225e-4
6.3,0.99975248194354,0.06045203415059924,0.0020249868437760663
6.3100000000000005,0.9979031253099515,0.06360566298460271,-0.0015215626741711538
6.32,0.9988550822035451,0.06398682202814471,5.747164285043582e-4
6.33,0.9969638104500294,0.06545734162254481,-6.216564461531757e-5
6.34,0.9980294346738545,0.06702986842050505,3.9721222718858284e-5
6.3500000000000005,0.9975920577803647,0.06857886396359036,-3.358268652391537e-4
6.36,0.9952824029294383,0.06761843107674759,-0.0014950670687899565
6.37,0.9977474610977308,0.06931000752561846,-6.604310190355681e-4
6.38,0.9974769067652279,0.07123742404898288,-2.5372475645156484e-4
6.390000000000001,0.9999375933838623,0.07425250794751245,7.756401949419173e-4
6.4,0.998147988155566,0.07398830030652413,-4.1154968618155617e-4
6.41,0.996755539326103,0.07423404353478019,-9.417328130025964e-5
6.42,0.9982445262902417,0.0750376201473151,1.0352813604732209e-4
6.43,0.9961451035150211,0.07613670597004803,-8.19205469842253e-4
6.44,0.9964749359112948,0.07673470368793962,4.243571725197901e-4
6.45,0.996300054471416,0.07687255061746559,0.0011400910653943
6.46,0.9963191602091228,0.07719694344683406,-7.60302717907534e-4
6.47,0.996843053702845,0.07812761533074754,-3.963861130779232e-4
6.48,0.9975661759570638,0.077728893920640793,9.533042703356794e-4
6.49,0.9987565331939706,0.07933160753176775,0.001248137809154937
6.5,0.9956206582688375,0.078810331103059,-3.3366650500219673e-4
6.51,0.9955817522394479,0.07852496440373137,-7.338977355339894e-4
6.5200000000000005,0.9967917679540388,0.07917256610707007,-9.536200893767874e-4
6.53,0.9971958266439056,0.07822660433318475,0.001828478401103532
6.54,0.9986058799234407,0.07912905477487277,-6.191197657343454e-4
6.55,0.99687554061766,0.08042762026107501,3.756127324092358e-4
6.5600000000000005,0.9985649987711345,0.0787096959693455,9.895311277965634e-4
6.57,0.9964196817228874,0.0786740137151183,3.5442912917963337e-4
6.58,0.9966144608737815,0.07805221207820263,2.5080063922839523e-4
6.59,0.9967091606615016,0.0780921432884618,-9.372372547883733e-4
6.6000000000000005,0.9960036619567202,0.07589730411600557,1.9233934776641603e-6
6.61,0.9951733553199434,0.07579750508931937,8.709456933422635e-4
6.62,0.9982293663893916,0.07618292422858056,0.0018837965240337722
6.63,0.9971807527465398,0.07610502346513784,5.477876052933381e-4
6.640000000000001,0.9976377704363979,0.07560579625214184,4.6183458076447877e-4
6.65,0.9971480028357357,0.0740295150189715,-5.9120474250511004e-5
6.66,0.997859040094092,0.07326988395422049,8.351288994038273e-4
6.67,0.9972235584842598,0.07270516261069715,-7.573425526351998e-4
6.68,0.9966359905722094,0.0700973362792793,-9.457219679164078e-4
6.69,0.9977750375750686,0.0711739337051687,-1.92888009691458e-4
6.7,0.9980276992971007,0.06854512504287318,2.3226335988985722e-5
6.71,0.9995175903255391,0.06630435368826303,-0.0012402236784592657
6.72,0.9986412395379393,0.06462766870932576,-9.175254345062192e-4
6.73,0.9989425794068922,0.0622514019575404,0.0014221598788541877
6.74,0.9966626290812814,0.06276365057479392,0.0017775750694346449
6.75,0.9992078630047776,0.05985911184315153,0.0010367112548524547
6.76,0.997582798894509,0.058893666315512766,0.002294586864465335
6.7700000000000005,0.998482172915992,0.057685235434589234,3.5298192066178475e-4
6.78,0.9977723642060328,0.05734909560156654,-2.3280421506324196e-4
6.79,1.0001933885469272,0.05370690784877867,0.0026218721995007084
6.8,0.9993368416663191,0.05397488018902326,0.001254757114636294
6.8100000000000005,0.9997509803328437,0.05104832033797801,-0.001188284213099393
6.82,0.9986351606007889,0.049209264815336266,-0.0013354412811672231
6.83,0.997826140959492,0.04709208650581338,-9.643046045765231e-4
6.84,0.9999438251351099,0.04482985346388561,9.151260438792229e-4
6.8500000000000005,0.9987410628933358,0.04372496095946221,-7.621485058658431e-4
6.86,0.9985257395433331,0.040490493281764794,-9.587571446941767e-4
6.87,0.9992377210979857,0.03715709736179459,-4.397361396238065e-4
6.88,0.999414081377476,0.03738607733986337,-6.36062764962952e-4
6.890000000000001,1.001568455727492,0.03477269225443075,9.88648049431975e-4
6.9,1.0010889747242415,0.030325988440850615,-8.737645349446463e-4
6.91,0.999893573249136,0.028577004475428946,3.894773856958772e-4
6.92,0.99798508597827,0.02652579456012929,2.692287360312158e-4
6.93,0.9993690794657232,0.025359370201772286,7.042965660305676e-4
6.94,0.9977651320129349,0.02152760304501668,-0.0010832168643282424
6.95,1.0011493264817561,0.020065607972179503,0.002074671132286969
6.96,0.9990870286614133,0.016175187229999947,-0.002300232374624427
6.97,0.9995830988968762,0.01402402508350056,7.407986911729217e-5
6.98,0.9998957075427132,0.012237061246602152,9.57810661191946e-4
6.99,0.9995217825667181,0.008883289046502199,-7.4917933728439e-5
7,1.0004231739783538,0.007365135409048604,-0.0014789207911137833
7.01,0.9995377281516249,0.004051564963022193,-3.5863351227610263e-4
7.0200000000000005,1.0016070792893723,0.0019005784132131425,0.0011973680000109438
7.03,1.0010631684585154,-0.0011635983773462101,5.985776947614631e-4
7.04,0.9993067427691984,-0.003913509301444426,-7.800131412412697e-4
7.05,1.000561363720479,-0.0058756498720345315,-9.54665648820474e-4
7.0600000000000005,1.0000281314668944,-0.00727191619159635,0.001391159885160277
7.07,0.9986444188455844,-0.011818668459037488,-0.0014789023404891573
7.08,1.0003278659792025,-0.013974077505520063,-3.913452243428842e-5
7.09,0.9994698079056602,-0.015114768604081884,0.0015134218695764417
7.1000000000000005,0.9997321122833389,-0.020136786992424136,-5.329899494267118e-4
7.11,1.0002309855372116,-0.020034288480180892,-0.0015428866972752575
7.12,1.0011512819050006,-0.02173799211277398,4.8650788659278075e-4
7.13,1.0008154769002244,-0.02443687208783339,-0.0014806944610335927
7.140000000000001,1.0005741151470988,-0.02638579887993559,-3.190361400476271e-4
7.15,0.9984226826140161,-0.030491649939559603,0.0012160321268257438
7.16,0.9983129492479215,-0.031580664177973464,-5.981342200556882e-4
7.17,0.9995540849969979,-0.035083915682394023,-5.481995285031832e-4
7.18,0.9996388317264068,-0.03679149553087335,-4.7302354660258415e-4
7.19,0.999176022233425,-0.0380157770496947,0.001388046379326682
7.2,0.9989149785291354,-0.04222529548120173,-7.323933014416983e-4
7.21,0.9964601568438018,-0.04297817571168993,2.591011205259691e-4
7.22,0.9988227227785749,-0.04515791090086156,5.7687599653438414e-5
7.23,0.9998739151393267,-0.047445160172951334,-3.985677554159153e-4
7.24,0.9985043517697968,-0.05012062228734914,-0.0015111601221499634
7.25,0.998563701530514,-0.04997169979274872,-0.0012686722220313347
7.26,0.9999855967480563,-0.05290155763215971,-4.554777274745961e-4
7.2700000000000005,0.9980838176026733,-0.05255382486379077,5.101899249818986e-4
7.28,0.9968078985647588,-0.056775093271054684,0.0014541595444150226
7.29,0.9975328891458372,-0.05871364921712836,-6.474941757901841e-4
7.3,0.9987977634218159,-0.05992679258150202,-0.0012607245091482608
7.3100000000000005,0.9973009961872721,-0.06231536289909946,-1.835466664475718e-5
7.32,0.9968867118128374,-0.06281979506246929,3.335814519593461e-4
7.33,0.9980267900018532,-0.06474607442547367,5.705861124142921e-4
7.34,0.9967565110992895,-0.06657212993133296,-4.4000245826557446e-4
7.3500000000000005,0.9984188571081417,-0.06741156550032859,2.810207032017026e-4
7.36,0.9965753724484975,-0.06951077019567803,-0.002561705671807004
7.37,0.9969454488185641,-0.07146133835776179,7.113875291432376e-4
7.38,0.9969336299336174,-0.07215294879218627,-2.0433541492648376e-4
7.390000000000001,0.9977296549549611,-0.07145938342864824,4.780583094048916e-4
7.4,0.9975047161612163,-0.07321289448026648,-6.724508830877554e-4
7.41,0.9957377046299883,-0.07322922379721382,0.002128755818488602
7.42,0.9966925510279278,-0.07534702335100264,4.494217877735258e-5
7.43,0.9992822789316558,-0.07711018446758515,5.602997859461938e-4
7.44,0.9969872299279968,-0.07670716488972455,1.4990015929220143e-4
7.45,0.9952081242629912,-0.07610825809727778,-2.2183769818976e-4
7.46,0.9981472126656156,-0.07874333316073154,-0.0022307300264892407
7.47,0.9974408502175912,-0.07749128810088735,9.562517792196236e-4
7.48,0.9982485536871295,-0.0789949253057247,-9.059074229017089e-4
7.49,0.9966866946477149,-0.07702262378998137,6.740571281690105e-5
7.5,0.9947435348739239,-0.08023793859558889,1.8277049044420075e-4
7.51,0.9968639518790186,-0.07840932104700905,-8.625323595462369e-4
7.5200000000000005,0.9956216975501538,-0.07767985557370401,-3.8694755499215874e-4
7.53,0.9978661602963228,-0.08088498637780335,-9.394231141824869e-4
7.54,0.9967241015226959,-0.0810165863129385,0.002649299564539639
7.55,0.9985021150003548,-0.08077308472106522,-2.4968606286725867e-5
7.5600000000000005,0.9970483751040298,-0.07986269278960814,-3.934356137733766e-4
7.57,0.9954972270939392,-0.07828532506588998,-2.5046701013682805e-4
7.58,0.9956303493793264,-0.07891694124129074,-0.0017050653941562592
7.59,0.9970645208375183,-0.07871499135509291,-1.290281032695001e-4
7.6000000000000005,0.9953949513328927,-0.0771974185585959,2.2945290846240784e-4
7.61,0.9960886134636546,-0.07808299071329881,-7.238702816421692e-4
7.62,0.9973543928613473,-0.07536018748538971,-7.254276203401529e-4
7.63,0.9979458868637986,-0.07423601745402304,0.0013496377215058467
7.640000000000001,0.995928968765329,-0.07554078801364304,-0.0012958876314486426
7.65,0.9970783949237313,-0.07500973801797166,-5.724953518121108e-4
7.66,0.9981748379662803,-0.07434895634786541,7.543637121078127e-4
7.67,0.9985465239699497,-0.07289786781678215,-3.252619453786112e-4
7.68,0.9963997316543891,-0.0714152812429706,0.0014358948989522675
7.69,0.9974545181116113,-0.0693595279123552,-5.807247802007134e-4
7.7,0.997169306140256,-0.07023665030128161,-0.00226953118011513
7.71,0.9968461057466153,-0.06880860188315753,-0.001056974089784338
7.72,0.9987149563750056,-0.0673385266670763,4.3483541081051793e-4
7.73,0.9989110902498127,-0.06530748923029775,-1.1143446951902363e-5
7.74,0.9978627216977212,-0.062355268084450806,0.0017058450486590088
7.75,0.9987946879699802,-0.06177620589727917,1.0878926463632484e-4
7.76,0.998834934753831,-0.05985262280414988,-9.566810050116627e-4
7.7700000000000005,0.9988779713053245,-0.05764417127468038,2.894651916417018e-4
7.78,0.9982944320539896,-0.055838217630625964,4.071500665033081e-4
7.79,0.9971777618916045,-0.054370615203820166,-0.0013888373978817364
7.8,0.9981842784832745,-0.05192502809393818,-6.214822834967737e-4
7.8100000000000005,0.998438434363061,-0.0530579875496791,4.4556391622349616e-4
7.82,1.0009844957575207,-0.04958708741282267,0.0013733419050318324
7.83,0.9990279688160915,-0.04803939991796125,-7.715713545001636e-4
7.84,0.9979944312001467,-0.04390261090730511,-2.3037081795178874e-4
7.8500000000000005,0.9991269462281722,-0.041305881911327134,7.149070013872112e-4
7.86,0.9986050394738412,-0.04011236270073551,4.609628514465792e-5
7.87,0.9986287568205424,-0.03710375130410024,-9.91953505051831e-4
7.88,0.9982234383961094,-0.03724577360802934,-2.872986396605314e-4
7.890000000000001,0.9981104083077927,-0.03210621649908655,-0.00165496119518501
7.9,0.9994578964080879,-0.033526542219461386,-0.0015983029528098232
7.91,0.9996423127405414,-0.03115292737640809,8.011986310879243e-4
7.92,0.9988932508613861,-0.027525100422087032,-0.001633902306491315
7.930000000000001,0.9992221838878307,-0.02497928928354155,-7.545056884533792e-4
7.94,0.9997241808347234,-0.021393473500111067,1.5034936470433884e-4
7.95,0.9996709945995409,-0.020729332341793926,-6.338076513364359e-4
7.96,0.9993799111896825,-0.017991310239068053,0.002219392201691834
7.97,0.9999777930811544,-0.015029377594717681,-7.962219260912685e-4
7.98,1.0005347692054125,-0.012614851494670447,-3.319477842950097e-4
7.99,1.0007354951133645,-0.01061445248441393,2.0434064597078897e-4
8,0.9999493991392076,-0.006650777473006167,-1.0315805071345205e-4
8.01,0.9994604122254503,-0.004447701115867996,0.001061075638588361
8.02,0.9993720112754811,-0.0012856147044519055,-0.001167449150008829
8.03,0.9985014135340602,-1.3660294880010954e-4,-4.8699209862371656e-4
8.040000000000001,1.0007324037960699,0.0012469338903903023,-9.870691935449552e-4
8.05,0.9989853786670636,0.005896901542851902,4.12204230832283e-4
8.06,1.0009316090284819,0.008089403103376183,6.207726265151499e-4
8.07,0.9999703383774935,0.00896215803595495,4.8633306850390446e-4
8.08,0.9983090241138133,0.013999485276504766,6.812790889187365e-4
8.09,0.9991724317271166,0.01621255326333978,-6.32122014055683e-6
8.1,1.0002119024384415,0.01737160749681314,-5.944640975076843e-4
8.11,0.9996550595640913,0.019813087072150595,3.7521425196503484e-4
8.120000000000001,0.9986744587381966,0.020773840197146322,-6.960031646220433e-5
8.13,1.0006637155467406,0.02413427001979554,8.438938748923722e-4
8.14,0.9996438027011078,0.026635432490300866,9.060930858602612e-5
8.15,0.9996068674996634,0.02972470936510598,-2.0978023130501313e-4
8.16,0.9973868048276766,0.030476119908415714,0.0012179182524659057
8.17,0.9982576080219121,0.033558700901749755,-4.6066339678827817e-4
8.18,1.0003883723286575,0.03640379060455065,-0.0017889331777406177
8.19,0.999053801591844,0.037842882400697726,5.59834297806236e-4
8.2,0.9995144000339534,0.03976987246587253,1.6866429659487917e-4
8.21,0.9976087461151716,0.04326147898088765,-8.019730892628764e-4
8.22,1.000135463084439,0.046384245272938794,0.001331112420589018
8.23,0.998156859570572,0.04490457159528733,3.9060650902580045e-4
8.24,0.9990572978619505,0.04995110615871821,-0.0027135773723725087
8.25,0.99899608477034,0.04955323988229397,6.514614732963207e-4
8.26,0.9990256011574671,0.05138335862978579,-0.0011254821060679196
8.27,1.0006120043505757,0.05339075105735797,1.329740254535484e-5
8.28,0.999924171713958,0.05818767969690757,-1.5654653693818494e-4
8.290000000000001,0.9993804602883317,0.0580921918062204,5.146863157465092e-5
8.3,0.9986174091765857,0.05989290910368165,6.005433150014425e-4
8.31,0.9988824653643564,0.06306164194995684,8.162940119825307e-4
8.32,0.997511491637504,0.06437036424432414,-5.159626868888784e-4
8.33,0.9998171174981554,0.06378549833879195,5.182559786872505e-4
8.34,0.9982197828923144,0.0665007712324753,-0.0014042394423377856
8.35,0.9987715998275641,0.06716847916733282,-5.456377679526877e-4
8.36,0.9983826358465722,0.06770361332261121,-0.0011241267268922053
8.370000000000001,0.9985853095864196,0.06927303900311423,-1.7698514111898862e-4
8.38,0.9968540536153863,0.07208500817988346,-9.142122334289499e-4
8.39,0.9960687460314194,0.07231596974461817,-9.919966571326068e-4
8.4,0.993991114408865,0.0734953532124833,5.397034135130542e-4
8.41,0.9989351273838747,0.0746149809042033,0.0014743352941473122
8.42,0.9954906994133976,0.07501225610135734,0.001505424148351897
8.43,0.9977577446747574,0.07679631766003175,-0.0011649552681837524
8.44,0.9985406030272714,0.07717656098600355,-8.160243186400547e-4
8.45,0.9959777253258568,0.07635122971039224,-0.0014796812147121453
8.46,0.9975570902242009,0.07748408770730902,-8.27710820495856e-4
8.47,0.9956723092659471,0.07846488461445952,9.165638773565288e-4
8.48,0.9973390863982768,0.07820173468136318,-7.05661792566543e-4
8.49,0.9953838091804114,0.077236059606778,3.481660089623103e-4
8.5,0.9972805882499939,0.07959429808664273,2.3079674568876596e-4
8.51,0.9952696974475881,0.07936463155485927,-4.7981727098843135e-4
8.52,0.9970318766270536,0.07809318246830069,9.529782776421492e-4
8.53,0.996280160189238,0.07833331187012642,-0.0012827553421411076
8.540000000000001,0.9970780365393981,0.08196544802189817,3.364468389889159e-4
8.55,0.9958165529490882,0.07990351327571801,-0.0014165149430062412
8.56,0.9959573289074013,0.07823753164717398,1.1246203617076091e-4
8.57,0.9954945447850684,0.07829661053863661,-8.929199947535687e-4
8.58,0.9955742432777162,0.07797707763919329,-4.5309517437602836e-4
8.59,0.99759573094448,0.07721202280099278,-0.0018092753030741983
8.6,0.9962805591294073,0.07713720727383819,0.0013187568030279128
8.61,0.9965355594642451,0.07684610024999758,-4.493738391284976e-4
8.620000000000001,0.9965381002119597,0.07715176114484575,5.889450345735851e-6
8.63,0.9962234776497264,0.07681348366171922,-0.0014844734844976397
8.64,0.9972431856051075,0.07663256136193988,2.4987493291270713e-4
8.65,0.9975409922513104,0.07569128152338904,-2.2919676246170467e-4
8.66,0.9990618994255884,0.07499755009687467,-3.215062651675123e-4
8.67,0.9993160962518516,0.0717778479542401,-5.269925026673358e-4
8.68,0.9973362964433963,0.07187430062475993,-0.0010353816450734163
8.69,0.998357545412096,0.07179502360819859,-7.554350829809243e-4
8.700000000000001,0.9961763323352752,0.06860515341446476,-3.001509207760587e-4
8.71,0.9970788090280156,0.06974107536738847,-6.630341838245709e-5
8.72,0.9980792808825476,0.06581454945024016,8.593611252127303e-4
8.73,0.9960428375994346,0.0640780369978403,9.028339070567028e-5
8.74,0.9987671023814898,0.06274255370847293,-8.872956993108903e-5
8.75,0.9970714324233602,0.06045808636403609,-5.8197554256208446e-5
8.76,0.9988298091604989,0.060938746872769844,5.603272376101901e-4
8.77,0.9961310638645762,0.057232770204493015,0.0011858714823261552
8.78,0.9970298500943076,0.05657010265364064,-1.0906493830327356e-4
8.790000000000001,0.9976584788186867,0.054627049870720784,7.582254930333144e-4
8.8,0.9974939596557726,0.05336343571597197,0.0010934455621094226
8.81,0.9994179910286509,0.05139437318430843,5.465395670363702e-4
8.82,0.9990547395107574,0.050477424543367885,3.777067839600222e-4
8.83,0.999476474563355,0.04718911445673978,5.249121931896762e-4
8.84,0.9974241381547628,0.04586249772232097,0.0011334490120167942
8.85,0.9988462281775624,0.0438247465710275,0.001035318276647438
8.86,0.998628482545224,0.04120913938420775,-2.8022622925573324e-5
8.870000000000001,0.9982632812945849,0.039720520588577085,-4.0176679377464737e-4
8.88,1.001426845510644,0.038041541447577175,-7.176219599373423e-5
8.89,0.9994624869117922,0.036092276335354445,-8.262333490158435e-4
8.9,1.0002702377932555,0.03390627299039535,-0.001320127522698289
8.91,0.999610329730413,0.0325558885451409,-1.5472498232838583e-4
8.92,0.9981186816169534,0.027375331330600768,-0.0015098881910672682
8.93,1.0005515974266819,0.02580359173587045,-9.99029617638989e-4
8.94,1.000027377565863,0.021720522583330616,2.552089994824053e-4
8.950000000000001,0.9996757272113151,0.0209025006358932,-9.982181404862118e-4
8.96,1.0005775307736842,0.01942637042400937,2.843933073000173e-4
8.97,0.9995955492884309,0.0168694811371397,-2.696736109442205e-4
8.98,1.0019025567916129,0.013862123856356899,-7.434806185916135e-4
8.99,1.000116029604447,0.012203012210714046,-9.32032609834412e-4
9,1.0005995486446657,0.008791637947301492,-6.392063342196081e-4
9.01,0.9991223290523837,0.007878430320405147,5.4844273349654e-4
9.02,0.9998638068220196,0.004409202023879639,-3.425810327869978e-4
9.03,0.9983901043552402,-1.7714501922749077e-5,3.813732681991059e-4
9.040000000000001,0.9990132033311966,-0.001181287583982627,0.00104834608617809
9.05,0.9990645269288545,-0.00359914724319014,0.0017078987048747165
9.06,1.0013899044725572,-0.0056196045654692516,-0.0011241055816396872
9.07,1.001123675767349,-0.00973816503024648,-5.687779273317091e-4
9.08,1.001402857233317,-0.009998570331851291,-0.0012554440412685134
9.09,1.0018246895615832,-0.012355673885083143,1.1509698257069482e-4
9.1,0.9996357867877277,-0.015557843806419744,3.843942857537876e-4
9.11,1.0019060306548115,-0.017709830034759802,-0.0011452046672363282
9.120000000000001,1.0002048888450983,-0.021990341285930665,-0.0012368497587233287
9.13,0.9996138870195664,-0.022799905358834867,3.874029028750103e-4
9.14,1.0001639778980527,-0.02531667993603266,9.411410457769468e-4
9.15,0.9990520294191308,-0.02944236010213782,-0.001584830006583807
9.16,1.0000334666461732,-0.029302622822056496,2.0697567167808316e-4
9.17,0.9995584930973711,-0.03301495213035918,7.78307617170395e-4
9.18,0.998914937757014,-0.03388133592399778,4.17600274028021e-4
9.19,1.0011013757163985,-0.03697409818506132,-3.3655457015576524e-4
9.200000000000001,0.9988739653914266,-0.03925499240705292,0.0013569249592550623
9.21,0.9985234187072423,-0.04256795619005416,1.0190845800500203e-5
9.22,0.9991060447845783,-0.043246434412965704,0.002441919956559895
9.23,0.9968148194022629,-0.04414612292447703,6.022279935789927e-4
9.24,0.9983550183756095,-0.04711844945204535,0.001537468756099268
9.25,0.9986956356695736,-0.049522370555219124,5.668853069575222e-5
9.26,0.9978910200693465,-0.052284596035127875,-1.7774439840012653e-4
9.27,1.0001931960095172,-0.05362649712446846,0.001808855508204106
9.28,0.9978825336092221,-0.055339604566463106,0.0011652202820181395
9.290000000000001,0.9990562197173992,-0.05698296470553518,2.817168564736469e-4
9.3,0.9981141891942421,-0.05787199361376396,-0.0014899880334830742
9.31,0.9983825800810202,-0.05987363164041582,-5.937080749742152e-4
9.32,0.9984455877165525,-0.06355166145606327,9.910190954716695e-4
9.33,0.9983510144129396,-0.06290540030674478,-9.050927318405463e-4
9.34,0.9961099689229186,-0.06471067882025519,-8.870373269682676e-4
9.35,0.9989287254134974,-0.06696720646634845,-9.350114678255693e-4
9.36,0.9976381461783134,-0.06827239097584921,0.0010406154726769951
9.370000000000001,0.9967245398205379,-0.06923620001865381,-0.001349717572787387
9.38,0.9969698770276038,-0.06940371108956597,2.8009593140167666e-4
9.39,0.9972617686882403,-0.07217693419164155,-6.745022555578394e-4
9.4,0.9965785507152606,-0.07034581791692683,-8.32296043580789e-4
9.41,0.9981258751914431,-0.07341169110496233,-2.7872278346222155e-4
9.42,0.9976015560573986,-0.07328536085548998,-2.539928985415284e-4
9.43,0.9970283910525289,-0.07404575763411031,6.278617393686201e-4
9.44,0.9975784485392837,-0.0773769670595149,4.5761062050779484e-4
9.450000000000001,0.9990382482137284,-0.07638551828182764,8.725178442038575e-5
9.46,0.9974922231758235,-0.07834385884335715,8.974439897920253e-5
9.47,0.9956831368678466,-0.07796796226975435,9.104458556629149e-4
9.48,0.9976726654498856,-0.07829173866583218,-9.836866890775085e-4
9.49,0.9966857280291331,-0.07853825209992733,7.782067709768011e-4
9.5,0.995467048429553,-0.07921476256144024,2.261378476349104e-4
9.51,0.9967414845938467,-0.07742623293226053,-0.0014216635781260187
9.52,0.9966548365343322,-0.08223147473874018,-0.001432277929107329
9.53,0.9970307601352318,-0.08136875200807649,-0.0019538228985160233
9.540000000000001,0.9993048834119153,-0.07823975676996622,-8.057349316517198e-4
9.55,0.9962227383241364,-0.08111519006086991,4.78276899146876e-4
9.56,0.9976148238587486,-0.08066507665585754,1.4163646860167168e-4
9.57,0.9975607108157255,-0.07952499736378486,0.0017958086677004677
9.58,0.996192924266612,-0.07957923887607016,-1.6367051987276282e-4
9.59,0.9970326503289237,-0.07968501111550078,3.581996750794183e-4
9.6,0.9957791497919687,-0.0795600644452121,-3.9755956091692073e-4
9.61,0.9969298585807945,-0.07803853007749613,1.9742548721917222e-4
9.620000000000001,0.9962872148568445,-0.07791651241456994,0.0012234754837777738
9.63,0.9959528416939982,-0.0768178014693739,-5.092438274293934e-4
9.64,0.9967443221151063,-0.07428401467490668,-7.668365758550663e-4
9.65,0.9968632835477063,-0.07622532323465803,5.095570490338545e-4
9.66,0.9969935924611103,-0.0713614655230655,0.0013001036969440842
9.67,0.9983919856238475,-0.07280169452227321,5.077596253235855e-4
9.68,0.9963013576482583,-0.07121527687633926,0.0012625721177991916
9.69,0.9976514128571857,-0.07072064566917102,1.397242659893625e-5
9.700000000000001,0.9978535173378777,-0.06933643330577559,-0.0016159055218289994
9.71,0.9978277510533768,-0.06762937625680561,2.306833435821423e-4
9.72,0.996991722493157,-0.06677144471556076,-9.825551913484913e-4
9.73,0.9972420607366994,-0.06755523040418873,-0.0016654589183507675
9.74,0.9982255861931238,-0.06469657986643289,-9.097977426641664e-4
9.75,0.9988216593829443,-0.061876529190917615,-7.439229743842216e-4
9.76,0.9987654354208,-0.05927514414223954,0.0013490885916559773
9.77,0.9983594946916756,-0.05986693262490048,1.5303261121266338e-4
9.78,0.9998682361057796,-0.05942074934149467,-9.458472095776921e-4
9.790000000000001,0.9983947159715437,-0.056685725505848134,7.910163646582923e-5
9.8,0.9978986684886397,-0.054120837227534815,0.0015619726375574355
9.81,0.9993661337839868,-0.051743515704687,7.915017644999203e-4
9.82,0.9979475387624617,-0.05270782571637464,-4.4601657634614066e-4
9.83,0.9983970230629626,-0.048258444385824946,0.0021830022576532432
9.84,0.99890684455586,-0.04523779066959412,-0.001207710602217681
9.85,0.9993218340965101,-0.04498777433539669,8.912648037873255e-7
9.86,0.997826145187548,-0.04314358564753881,4.586296553963443e-4
9.870000000000001,0.9979597449151422,-0.04016880336148387,-7.409549150310421e-4
9.88,1.000625888339995,-0.03894877875565138,0.0013124232089297002
9.89,1.0010522611615853,-0.03471708814511266,-0.0010615930462626571
9.9,1.0005481977713475,-0.03454396845751921,-0.0012671004197504546
9.91,1.000509526488377,-0.03268189820192971,-7.282941387381105e-4
9.92,0.9991135210896936,-0.02890654357601999,0.0015527687065759698
9.93,0.9989957206440728,-0.026854692237383494,5.300727272967711e-4
9.94,0.9991264527812533,-0.02486950229075828,4.997526714105397e-4
9.950000000000001,0.9989227265128791,-0.020558811118845624,1.941949774213282e-4
9.96,0.9996387644936264,-0.021642502085191865,7.769878002861232e-4
9.97,1.0011798913038885,-0.019033483979386288,-0.0012166531717391225
9.98,1.0009244411176237,-0.01670604103255265,2.545743171181443e-4
9.99,0.9997324449099033,-0.012513980148975685,-9.414616382642394e-4
10,1.0007038232955079,-0.009467211873132913,-7.565258719976702e-4
