X1,X2,character
-14.411784,36.748726,ahn_kwang_jo
-18.886618,10.526183,alec_holland
10.025727,28.609425,alexander_staunton
9.579065,27.7481,alton_carver
-4.706544,19.342472,andrew_pulaski
-4.1299357,52.40305,august_heart
18.797014,15.703846,balam
-5.4921136,42.802082,bane
-5.8457036,50.109787,bar_torr
-4.3341074,52.819412,bart_allen
23.79737,-3.5030043,benjamin_orchard
18.797958,15.701974,bertok_raaf
-10.802219,27.650507,bleez
11.302553,21.776949,bonny_hoffman
10.045245,28.60974,calvin_rose
11.284536,21.760052,carmen_leno
7.3178544,25.640802,carter_hall
8.440421,40.83013,cassandra_sandsmark
-6.1412807,51.71863,caveman_flash
-18.887129,10.526518,composite_swamp_thing
-11.210865,41.45504,condor
-47.06687,22.3017,corum_rath
6.913378,30.593033,daniel_cassidy
-4.6584473,11.67123,david_isherwood
-5.938173,51.131798,dawn_allen
-5.84379,44.860188,deborah_dancer
3.8984218,41.62581,derek_james
-5.819305,51.658257,don_allen
-4.36012,39.98413,eddie_bloodlines
-6.0782623,51.71332,edward_clariss
10.055047,28.647167,ephraim_newhouse
-4.1788316,42.73948,ethan_avery
-19.78965,27.542671,etrigan
1.7379756,31.836586,fahai
6.5732303,28.852562,felix_harmon
14.237981,16.36999,first_born
-47.203064,25.02992,garth
9.730339,20.162281,grant_wilson
-0.2112518,45.86557,helspont
10.546179,21.100922,henry_ballard
-10.563255,41.04884,henry_hall
-2.0135396,-5.828266,idamm
-5.7433953,51.61152,iris_west_ii
-6.1801724,51.161633,ivana_molotova
-6.1608157,51.17528,jai_west
-5.7267804,51.15137,jenni_ognats
-6.329509,51.43096,jesse_chambers
-5.2298307,51.602238,jonathan_chambers
-29.081621,35.06733,jonathan_samuel_kent
-4.6569166,29.076618,joseph_chamberlain
7.324522,25.6505,kendra_saunders
-5.718716,51.256577,killspeed
-2.6581259,37.986145,knockout
-31.551975,38.411983,kon_el
9.143406,29.348475,lennox
-5.695487,42.37988,lincoln_march
-0.29477486,31.376778,lion_mane
8.955549,29.487268,lord_beyond_the_void
6.390847,8.993045,mari_mccabe
10.564089,-16.373219,mary_turner
-18.888002,10.523943,matthew_cable
3.704764,41.694187,maxine_baker
10.063967,28.603949,mei_ling
-6.379113,33.785446,midnighter
-2.8164928,-13.735646,mitchell_shelley_ii
-14.268459,14.491306,mongul
9.502855,-15.265871,morphicius
-46.34453,24.692915,nereus
14.591587,-18.995504,nix_uotan
-11.025187,41.02226,oliver_truly
-45.999153,25.690838,orm_marius
6.6379285,28.143545,percival_edmund_chang
-4.6865306,19.303474,power_boy
6.5912576,28.884743,robert_castro
-6.1107883,41.933052,rose_tattoo
-5.815396,43.06477,rose_wilson
-4.3262243,50.293926,savitar
-6.08311,45.299473,slade_wilson
-7.7251515,34.06921,sofia_ramos
23.794563,-3.4852498,talon_of
9.870915,43.70273,teth_adam
-0.21171606,45.865185,tsavo
9.687452,27.247955,unknown_soldier
10.525619,-16.358313,uriah_boone
9.81718,31.179455,vandar_adg
-26.501291,-9.5375595,virgil_hawkins
-3.7682354,51.61623,wallace_r_west
12.008452,-17.904367,walter_stapleton
10.565062,-16.363943,xiao_loong
-4.985353,39.77569,xiomara_rojas
-6.1596355,30.715645,celine_patterson
-2.7380357,51.614037,avery_ho
-3.456685,49.15445,black_flash
-9.068624,-14.10341,blue_condor
-21.446402,-17.16427,cloud
-21.530012,-17.114067,david_drake
26.712406,-1.2715846,drogue
4.6326017,38.18993,jason
4.974493,-6.8982563,joseph_carver
4.225155,2.8088422,lithium
-23.289225,-10.181556,maelstrom
-2.7922158,51.599075,meena_dhawan
-9.184334,36.717915,monkey_prince
-20.924385,-18.05985,nightstorm
-16.899397,-14.11312,red_tornado
-17.571182,-13.982746,robinson_goode
4.383146,-6.5819597,roscoe_dillon
4.4399285,-6.5616755,roscoe_hynes
5.296737,-6.095584,samuel_song
1.9024955,-2.156978,shifu_pigsy
-22.356346,-10.773941,siracca
-20.881227,-18.269573,strato
-6.700389,4.439699,abysmus
-2.1935875,4.3071957,arak
1.855275,0.5670935,argent
-7.105066,5.4304204,arkillo
-4.8465533,-0.6526357,artredis_qon
-19.954807,27.241697,atros
-10.676558,-4.2376103,augustus_freeman
-7.9427056,-1.3691316,b_dg
-8.948631,7.0976973,belzebeth
-6.330631,6.5736427,bolphunga
-8.777169,-1.150666,bro_dee_walker
-8.396529,24.174658,brutus
9.926427,10.236895,caliban
-6.618847,-1.9523877,calleen
-5.93378,7.3062463,charis_nar
-11.763609,29.164417,chun_yull
-8.640114,-0.42202657,cobi
-8.81089,1.3967915,dawg
-4.7633014,4.2717896,death_kraken
-22.919865,6.8779,despero
31.3153,-0.20366703,entropy
25.267847,-10.931462,first_of_the_fallen
-4.683936,3.7117379,flood
-5.070576,-0.2928662,g_nort
9.538193,9.9612,gall
-7.635285,5.226474,gleek
-22.923752,6.844668,h_i_v_e_queen
-7.0909333,5.563454,herkimer
-9.499448,28.826685,invictus
-8.527489,-1.5290793,itro
-11.96901,-7.192344,jarro
-10.267384,-3.9017217,jayna
-5.118513,38.385227,jochi
-7.9394093,-0.70617163,kaja_dox
-12.242601,-24.558723,kathy_branden
-11.469511,-3.8310924,keeg_bovo
-10.013268,0.76278645,kellic
-8.765167,-0.9540891,kirk_quentin
-29.031155,34.912437,krypto
-20.257277,26.838213,larfleeze
-11.846466,-3.7085483,linnya_wazzo
-9.959159,-4.960016,loma_shade
27.835121,18.049875,lucifer_morningstar
-8.301895,-1.0568441,lyssa_drak
-9.0062275,6.9191084,marta_of_thronn
-9.815028,27.177168,maxima
-6.826349,27.145742,maxima_ii
-26.072456,-13.542028,mogo
31.314959,-0.20345783,mystery
28.051363,-13.802274,osiris
-10.295517,28.909714,peraxxus
-7.2649665,27.055283,perrilus
-8.167064,-0.45722762,primaa
-6.8741083,-2.745283,raga
-5.806445,-5.755381,raguel
-7.2653265,27.041433,reign
-19.846449,-7.1711617,rendll
-5.9350014,7.4181566,rogol_zaar
-10.267471,28.871408,roho
-11.567272,-0.7139146,romgan_shay
-7.898764,-1.3692904,saysoran
-8.5460005,-2.6596222,sheko
-11.724632,1.9829837,shepherd_ii
0.75217056,6.904643,singularity_jain
-6.8983436,-0.89689577,skorch
-8.649661,-0.5825464,snow
-29.491587,36.666767,sodam_yat
-7.809632,21.01572,splyce
-11.0085945,-4.9489155,sssearr
-7.8409615,-3.729046,star_adam
-8.688401,-1.3168198,starbreaker
-10.663981,-4.215897,syl_khee
-11.567301,-0.71726906,tallahe
28.312374,-14.005149,tempus_fuginaut
-11.568585,1.7078607,thao_la
-5.8660836,35.14534,toghurrhu
-8.882392,-0.622516,toris
-10.268401,28.89297,tsavo_ii
21.493176,-4.1903887,tyyde
-6.8841224,0.12056466,ultra
-4.4823685,-26.699707,ultra_humanite
-7.971229,-0.5828759,ultraa
-26.256544,-14.040175,umbrax
-10.7644205,7.2660885,vanessa_volt
-7.6423893,8.891041,vartox
-10.117969,-0.7310223,vax
-8.28784,-1.5394372,victoria_viceroy
-9.785794,-1.9160867,weird
31.316364,-0.20196097,wisdom
31.315474,-0.20450932,wonder
-7.8027735,26.822718,worldkiller
-10.023503,9.649137,wraith
-7.933034,-0.96505886,xanthos
-7.049751,5.450943,yrra_cynril
-4.6532636,0.38896412,z_kran_z_rann
-7.4705653,1.1488838,zan
-9.817534,6.054947,zazzala
-6.0766797,8.274094,zeus
8.306865,-1.8450723,andrina_curry
-14.523447,44.374535,arni_ajar
-41.095844,20.683962,atlan
-17.886969,-16.806654,caille
-13.330756,5.413432,coombs
-15.216741,35.14322,david_hyde
-42.066006,21.415247,fin
-14.238124,35.44292,gole
-7.4274516,38.60329,grace_balin
8.271392,-1.8672886,guppy
-38.385143,26.77425,jackson_hyde
-14.171269,35.521065,jaffar
-14.497375,44.38178,jonah_payne
-7.8529115,39.521267,kamo
2.564934,30.488588,karaqan
-7.608668,39.146435,karshon
5.5635757,16.800844,king_sturgeon
-41.452084,21.116537,kordax
-14.073862,35.42979,kurin
-14.524644,44.376583,laurence_quinn
1.7653689,15.15712,leander_brent
7.1737394,15.926159,lernaea
-0.7521814,-18.119625,marlene_simmonds
-47.30549,23.71414,mera
-7.5283666,39.206814,nanaue
7.807025,-2.1751332,nina_mazursky
-14.5373535,44.37589,peter_mortimer
-14.064531,35.530224,shaligo
-14.081114,35.457253,slig
30.93798,-8.912808,tangaroa
-38.341503,26.780369,trench_king
-38.339367,26.780958,trench_queen
-14.158857,35.471203,trok
-14.691066,-2.1435316,algorithm
15.781746,-22.208202,amazo
-9.174985,22.69574,brainiac
-12.135275,10.330866,eradicator_ii
-11.690767,31.01077,j_a_k_e
-11.362585,26.486586,mazra_p_thrall_ii
-10.1210575,25.762135,oracle_iii
-11.486513,32.272263,puzzler
-44.543804,21.403608,atlanna
-22.931465,-23.910019,bernhard_baker
-22.91998,-23.938242,jayden_revell
-44.62653,22.060946,lagoon_boy
-8.048442,35.77795,rizzo_rattama
-18.414387,35.990173,abraham_langstrom
-13.642138,-14.956711,aerie
12.058472,-39.586803,clytemnestra
-0.49304312,14.426425,dominic_mndawe
-18.413795,35.988274,kirk_langstrom
9.724726,-18.939886,milan
-4.172587,-39.783833,morgaine_le_fey
-6.6485577,-27.194384,ya_wara
9.550246,-38.788227,akando
-35.910515,37.11868,alexander_luthor
12.9196,-23.125662,all_yang
-36.535107,36.810577,ashley_addams
-36.4693,37.23558,cha_rnn_o_zzm
-9.664261,-24.704811,edgar_cizko
10.72881,1.8976125,franco_bertinelli
-30.499895,39.085022,h_el
-18.471512,-15.598064,holly_ann_fields
16.096819,-16.74406,i_ching
-36.13813,36.33363,j_onn_j_onzz
4.043914,-46.29382,john_constantine
-11.57109,-23.308676,joseph_wilson
-36.528824,36.807545,k_hym_j_onzz
-1.481281,29.75963,katie_randles
-1.0805638,-32.98619,lisa_snart
-36.514595,36.81237,m_gann_m_orzz
-36.523582,36.81121,m_yri_ah_j_onzz
-36.58426,36.482204,ma_alefa_ak
10.418768,42.113968,mamaragan
-11.045689,-23.818203,manchester_black
-4.4578485,-42.749344,mordru
0.4792269,-40.139072,raven
10.676625,2.4810588,rebis
27.867956,-6.594301,seven_deadly_sins
-36.535748,36.813984,xolotl
-44.921585,24.082695,carcharodor
-44.493572,22.789118,cetea
-44.005703,23.383686,charybdis
-42.866783,24.791536,dolphin
-44.83599,25.719057,hila
-45.354904,22.785053,jurok_byss
-46.017467,21.49391,kadaver
-45.104702,22.929226,kae
-44.723038,22.808111,koah
-43.31848,24.300137,krush
-45.21908,22.697954,lammia
-44.430378,24.02822,leot
-41.59845,21.614439,leron
-46.077118,22.603964,loke
-45.728992,24.677456,lucia_hyde
-41.59869,21.603155,madame_langrock
-44.83184,24.176369,murk
-44.100197,23.69509,nuidis_vulko
-44.20709,22.896454,ondine
-45.556084,23.567844,orvax_marius
-44.855183,23.474897,rhodon
-45.684845,23.28627,rowa
-45.90601,24.428093,ryus
-45.232735,23.587536,sark
-44.72507,23.326815,siron
-44.41167,24.775156,swatt
-41.59593,21.61765,thnita
-44.069702,23.135004,tula
-44.351585,23.828453,urcell
-45.7303,23.40828,urn
-45.193672,23.937572,zeekil_neol
7.195381,-18.784657,werner_zytle
-15.160911,26.760597,clifford_steele
7.7529173,-32.74913,danny_the_street
-3.5655026,43.965786,danton_black
0.3040901,-45.35065,enchantress
-10.854485,15.824692,eon
-8.090305,-19.522556,jaina_hudson
12.547072,2.6551232,jinny_hex
6.646992,32.132492,karaku
-7.361827,-8.623854,liseth_vok
0.59910786,39.923077,lobo_ii
-7.7744875,-19.581697,manuel_lago
32.389973,-8.665342,namma
-26.587318,-2.236372,nathaniel_adam
8.334084,7.6546063,patrick_o_brian
12.813568,-35.99757,pralaya
3.5695553,8.161246,reggie_meyer
23.32615,-11.0568075,richard_swift
-10.8253765,15.696097,simon_ecks
-11.9760275,-7.219783,starro
0.68378407,31.5576,waylon_jones
-8.078504,-19.536894,yang_kei_ying
0.70684224,-19.202684,amunet_black
34.317154,-6.497991,deimos_god_of_terror
4.131482,-37.859024,echidna
2.151786,36.35166,infinity_man
34.314568,-6.4995475,phobos
-14.368895,26.151188,bizarress
-13.366764,13.678812,bizarro_ii
-12.496345,13.429321,subject_a
-13.257745,13.69946,subject_b
4.3465586,-23.90127,abel_tarrant
13.15063,0.06818548,jeremy_tell
4.3364964,-23.868944,john_oakes
4.341656,-23.85501,mark_richards
4.3504195,-23.877817,tats
-21.657555,16.375906,joker
-21.656578,16.374294,joker_jr
8.235317,-17.489937,lazarus_lane
-26.861326,37.118702,kong_kenan
6.159249,-19.00521,benedict_booker
7.3505034,-40.79196,blackbriar_thorn
20.746424,10.632678,brother_jonah
5.398789,2.2092934,chang_ming_zu
20.588703,10.947433,commius
-4.3490934,-6.255531,demeter
12.472222,-2.335266,hazel
6.061593,-40.947227,jason_woodrue
27.470697,-5.5720744,jon_haraldson
20.40618,10.155401,lady_weeds
-10.482295,-30.07936,moz_ga
4.4938564,-19.89161,pamela_isley
6.088526,-19.016481,peony_mcgill
12.475153,-2.3579195,rose
21.059454,10.652441,swamp_thing
7.3423615,-40.797916,syl
13.563902,-3.2395432,thorn
20.735577,10.639558,wolf
-1.7789215,4.1226277,zahra_abed
-2.8468535,18.908924,ahl
9.534051,-29.952583,alias_the_blur
10.354702,-32.191196,amparo_cardenas
7.280145,-31.284636,angelo_bend
7.4414124,-30.868265,anglette
-15.35379,-9.801223,brain
-6.2204914,-16.55982,casey_brinke
2.2486699,-37.911144,circe
7.6138268,-32.055023,citizen_abra
10.059177,-31.596222,clock_king_iii
-3.3675394,50.48499,daniel_west
-8.3186655,16.885225,darkseid
9.516479,-29.871002,david_clinton
16.862362,-32.614193,death
-3.9822938,53.320843,eobard_thawne
-1.3893932,-38.511173,felix_faust
0.38150758,24.195263,harvest
9.592733,-29.91693,inertia
-4.1401286,50.05601,jason_garrick
9.757587,-29.462746,john_starr
-0.54171735,-37.70636,kaiyo
9.519194,-29.80606,kevin_creedy
7.65639,-32.44207,liam_james
9.553984,-29.726957,magali
6.51469,-30.105652,metron
-9.433455,24.187433,michael_carter
23.542454,-8.876964,patrick_kowalski
0.95350593,-42.325397,phantom_stranger
0.03770863,20.20507,sena
-2.7141774,32.00909,solovar
9.507185,-29.764067,timeless
11.301522,-30.525251,vyndktvx
5.1129823,-45.07663,zatanna_zatara
-14.7259865,23.191233,ares
-16.577635,-22.512014,daniel_hall
-15.281068,31.68923,edwald_olafsson
31.668493,-9.293637,erzulie
15.684658,-11.653755,rebecca_barrow
-11.385108,33.71478,turid_goldenaxe
-25.399036,-4.6374855,william_payton
6.6447396,21.54221,acheron
1.2716674,3.7098856,alba_garcia
-0.59353167,28.51177,aleister_hook
14.263024,-9.013726,alfred_the_cat
29.03459,18.565588,andrew_bennett
15.6805725,-8.133257,anthony_lupus
18.818794,-5.2982044,arion
5.8433414,9.854776,barbara_minerva
29.8325,18.633162,baron_nightblood
16.016375,6.3985987,black_racer
16.211586,4.5481195,blight
14.740309,-4.424039,blythe
3.8560114,10.793411,brenton_hamilton
14.61934,-9.006653,brian_smith
15.6813135,-3.3899853,bud_and_lou_the_hyenas
29.216148,19.18656,cain
15.687478,-8.124406,coach_humphreys
13.820254,-4.4498224,copperhead
14.322813,-8.7467575,copperhead_ii
-11.90912,39.03075,cory_wilks
28.983599,18.479553,count_berlin
5.7521234,20.505808,coyote
4.6894846,10.739281,crimson_fox
-11.906376,38.974888,dean_toye
-1.4206742,9.079722,deimax
15.818042,-3.5109632,dex_starr
3.2897627,3.3449628,dna
19.294174,-5.357516,elias
29.937078,18.060606,emily_briggs
-11.8924265,39.04401,gary_kaleho
-1.5128053,30.129564,goliath
29.38755,18.183172,gustav_decobra
14.527894,-9.358097,harpy
-11.911469,39.714157,hu_wei
14.004824,-7.7508097,hugh_dawkins
4.2520885,-29.37231,jade_nguyen
0.8980333,29.981134,joey_scroccone
14.479223,-4.0952787,john_monroe
6.6217947,35.60039,katar_hol
5.5227227,10.102999,kyle_abbot
29.68137,18.644815,la_sangre
13.703307,7.214814,lapetus
-30.140383,36.148605,lar_on
29.950197,18.208704,lilith_demon
-12.941599,40.301426,long
14.1424675,-9.022817,lotion_the_cat
-5.020955,33.570717,mad_harriet
-11.88801,39.036335,marcel_ollie
14.201851,-8.884103,margaret_pye
30.268265,18.525162,mary_seward
13.26767,-9.502435,matthew_bland
2.581368,20.469284,megan_boyer
14.604829,-8.876867,merlin_the_leopard
18.182508,-0.4484194,michael_drown
-16.548073,29.424675,mister_bloom
29.694387,18.637352,natalia_mitternacht
0.70170766,29.876686,necahual_martinez
13.967685,9.743356,nergal
29.432848,18.047068,niccolai_tepes
29.744286,17.961386,nina_skorzeny
4.0862637,-2.7946541,priscilla_kitaen
3.7942235,35.31124,red_wave_beast
-11.911859,38.97446,rhonda_ricoh
14.444321,-8.64364,rigen_kale
16.719519,5.0538154,ruskoff
-0.092682645,29.331427,simon_amal
11.773883,-9.048954,socks_the_cat
3.2753887,31.43374,spaulding_pruitt
16.305044,-2.9459076,stray
13.88115,-7.446574,summer_day
0.9720819,30.38981,sven_larson
15.968372,-9.653046,tatsinda
6.1037955,14.989008,tawky_tawny
0.13088301,29.449776,ted_carson
-19.631506,33.183395,teekl
13.372961,-10.883502,thomas_blake
29.457457,17.986547,tig_rafelson
14.368263,-9.12033,titus_the_dog
14.763713,-10.493586,tuftan
3.7229822,10.621216,tyran_r
-10.635156,-15.0847645,vanessa_kapatelis
3.8995814,-2.8931837,voodoo
6.636576,35.614204,warblade
-6.1351876,37.948795,warren_griffith
30.326136,-11.634082,agw
30.621851,-11.8843,amanikable
32.481136,-9.803218,aphrodite
30.491697,-11.955403,atabey
31.111387,-14.144241,atlantiades
30.373156,-10.673601,balor
31.877207,-12.349492,bastet
-18.79528,0.62188536,caroline_sharp
28.157457,-11.250539,cernunnos
28.558434,-13.435699,chagra
30.220425,-11.564604,chalchiuhtlicue
28.97888,-10.64204,chronicler
23.447878,-18.2506,dream
15.15086,0.49982283,duke_thomas
30.275808,-11.801967,elatha
28.908606,-11.710679,father_sea
30.948586,-13.65671,hades
23.468895,-18.26854,haxxalon
31.6953,-9.223059,hermes
23.432169,-18.264988,hooligan
3.4501562,-34.136665,irwin_schwab
13.240543,14.4928255,izaya
23.790968,-19.48454,jonni_dc
-28.779778,38.353558,jor_el
21.820091,-19.845062,kay_challis
31.707745,-11.264534,kumungwe
-10.325208,13.401257,madame_atom
31.703175,-9.194233,manann_n_mac_lir
-4.425699,49.86015,max_mercury
14.015653,13.754374,odin
2.7557406,25.503431,paradox
22.678822,-16.93465,peace
30.585371,-11.697718,persephone
15.434366,13.4997425,poseidon
32.39719,-12.561489,rama_kushna
30.60215,-11.771697,repun
-3.607053,-23.674536,roger_hayden
21.181282,-19.042053,sonya_tarinka
13.405321,13.937208,tezcatlipoca
30.151352,-12.778523,tlaloc
30.191504,-11.77337,varuna
-17.265203,40.34298,victor_stone
5.5179887,-10.22889,byrna_brilyant
9.282966,-3.991357,caitlin_snow
9.863067,-3.5100894,cameron_mahkent
4.347118,-10.302797,charles_murray
5.533049,-10.216043,coldsnap
-11.28854,24.556564,hound
-5.2903843,13.973798,leonard_snart
6.5113215,-10.867511,louise_lincoln
5.535541,-10.192979,minister_blizzard
10.031742,-3.8626046,springheeled_jack
4.334536,-10.297123,summer_zahid
13.380339,-39.789955,tora_olafsdotter
13.549414,-1.2836552,victor_fries
7.8184686,-47.141354,amaya
-4.9822545,-14.297959,aaron_cash
-6.0618744,15.868682,ace_masterson
-6.988036,-15.676324,afterthought
-5.551985,-13.813054,aldous
-4.8069043,37.385082,anatoli_knyazev
-5.8984847,-14.9363,archie_trundle
-3.8620808,14.734379,axel_walker
-6.8444676,-12.65718,beowulf
-6.5990887,-12.977451,calvin_carson
-5.0373225,-16.397858,casey_washington
-4.9547353,-17.876938,cassandra
-17.334108,39.64002,corsar_thal
-5.861328,-14.6130905,cradle
-5.5415044,-14.868841,david_prohaska
-4.2253966,22.076206,devour
-7.407116,-14.620696,ding_dong_daddy
-4.202849,-14.722519,fist_point
-4.53056,-13.890252,grave
-3.411327,-16.235607,helena_bertinelli
-4.388987,-13.983315,henry_bendix
-6.844809,29.78857,honeybun
-5.0188828,-14.3099165,hyalt
-4.242992,-14.316867,jane_stepford
-7.867939,32.07812,janet_fals
-6.962306,29.497683,john_corben
-3.760933,-12.477141,jonah_hex
-5.0417247,-15.101217,juan_soria
-5.261354,-14.613065,k_rot
-5.789305,-14.1451435,kaliber
-7.868882,32.7533,killbox
18.540354,-30.160053,mark_shaw
-4.2563457,34.67494,mastrocola
-3.318354,35.912777,mother_machine
-4.9231167,14.887336,nikki_nemzer
-4.8726306,14.850077,osita
-5.082049,-13.583226,prometheus
-5.1439385,-15.319425,quietus
-3.3905892,-16.25834,richard_grayson
-5.6854897,15.528346,rictus
-5.4919863,-12.225292,robert_crane
-5.4625545,-13.716822,robert_zirrozinski
-10.910328,10.851561,ryand_r
-3.919074,35.510544,scarlett_taylor
-4.582402,-14.978403,sister_shard
-4.741489,36.565952,siyu
-5.4562016,-15.210897,sy_borgman
-4.635148,-15.069879,trilla_tru
-4.472602,-14.534667,tristessa_delicias
-2.776577,29.38374,unified
-4.934432,14.876519,violet_paige
5.016912,33.22059,vril_dox
-18.72408,18.504917,wayne_wilkins
-4.960022,-13.647328,willem_cloke
-5.928688,-14.265373,zena_bendemova
-30.882614,37.036564,zor_el
4.784858,-32.522476,andrea_rojas
16.537132,-28.005108,carl_sands
20.0764,0.88441604,essence
1.3352281,-40.700134,eve_eden
22.229084,-8.421388,henri_zola
16.487894,-27.849104,jennifer_knight
-13.176853,-21.2049,kaala
19.634233,1.0158114,nyx_goddess_of_the_night
16.101583,-26.109861,rosa_heitzman
16.061607,-26.105944,shadow_walker
21.81111,-8.558591,simon_culp
-13.554119,-19.577135,todd_rice
14.588493,-26.144701,william_hand
-20.307457,20.988714,wrath_ii
16.056736,-26.120693,zaniel_templar
-18.169846,21.839214,alan_scott
-21.39247,0.2011659,anchoress
-0.21876231,33.141796,caitlin_fairchild
4.2679315,21.99185,capucine
-29.812176,37.653336,catar_ol
11.187746,-38.290764,christopher_falchion
-26.808132,35.96974,claire_clover
-29.522026,37.39561,dalen_nur
-29.386711,37.24213,dru_zod
0.903705,-21.581171,extremax
-29.721552,37.08578,faora_hu_ul
11.194239,-38.27949,jason_blood
-29.581863,37.581783,jax_ur
4.6256065,27.1159,jeannette
18.630346,-17.261744,jennifer_freedom
5.180504,-16.70447,jennifer_sparks
-30.968254,37.704334,kara_zor_el
-29.805866,38.70228,lois_lane
-30.061169,37.493103,lor_zod
1.6820095,-22.000082,lucien
-29.920591,37.18666,milkman_man
-22.72843,-16.277033,nimue_inwudu
-29.984055,37.571815,non
-30.752457,36.69167,rao
-17.333523,39.69133,shayera_thal
0.039815005,-21.946814,slackjaw
-30.433792,38.063515,telos_usr
12.819311,-1.0206324,the_gentle_man
-11.248928,36.36677,tristram_maurer
-29.838427,37.182587,ursa
-29.368172,37.86403,xa_du
3.509877,-43.42705,kent_nelson
-3.2659588,7.5965405,anissa_pierce
-15.948027,28.68412,basil_karlo
-28.434553,-6.0374045,firehawk_ii
14.356797,32.698856,fury
-28.435198,-6.0372434,hurricane
14.356858,32.69899,jason_rusch
7.0613327,14.590152,keshena_carpentier
14.358132,32.699078,mikhail_arkadin
-13.768892,28.942638,raymond_palmer
14.3564005,32.698578,ronald_raymond
-9.878057,-9.584418,rusty
-13.585286,28.3873,ryan_choi
-19.603777,21.235922,vykin_baldaur
2.256671,-33.855194,xolani
-2.409249,8.737591,alexa_antigone
-15.955722,1.9921974,armando_ramon
25.974934,-10.414507,bobo_t_chimpanzee
-4.4539633,-8.497371,eris
17.701885,-5.4175825,francisco_ramon
14.405865,-29.312534,garrett_sanford
1.2689613,37.241642,grail
-17.260706,-1.8094087,harold_jordan
-4.4489284,-8.506229,hera
12.13583,-47.762474,khalid_nassour
6.2934694,-45.719364,klarion_bleak
-19.726963,-8.141925,m_dn_ght
0.4115733,-26.044495,merc
12.881175,12.57313,pallas_athena
25.682043,-10.402407,rhea
5.582159,41.728504,roland_loop
14.248089,-30.004965,satanus
13.942114,-44.265713,sebastian_faust
5.6101494,-45.58075,timothy_hunter
13.5424795,11.078994,trigon
20.222473,-1.4254618,whisperer
9.70074,47.913464,zonuz
-9.1283245,12.213217,zumbado
0.51598734,-35.02709,rory_regan
-0.414294,-42.622448,hecate
-1.1638794,11.387467,john_moore
2.338994,-13.579327,leonard_fiasco
-2.7425485,26.55025,merlin
4.1201053,28.401487,midas
9.676957,0.8974909,otto_von_furth
7.0058284,31.1271,phoebus_apollo
2.3224611,-13.558201,plague
3.5502295,-14.424522,raijin
-12.845665,26.245947,thaddeus_sivana
17.802132,-18.220469,aagog
15.728448,51.442165,aella
11.152473,49.492966,akila_of_bana_mighdall
13.21497,51.630203,alcippe
27.04311,-2.868325,aleka
14.187468,50.888294,althea
14.786192,50.92052,antiope
-5.6127195,11.6052065,aristides_demetrios
15.516742,51.026432,artemis_of_bana_mighdall
13.882559,50.887413,asclepia
13.6863575,51.734283,astarte
14.62261,51.898815,atalanta_ii
17.77133,-19.550894,atsuo_uchida
13.060711,50.31379,chriselda
9.055429,42.006065,clarence_charles_batson_v
14.188976,49.51714,clio
15.296773,49.954105,cymone
14.958441,52.11743,dara
9.489037,41.962612,darla_dudley
15.1316185,51.93049,demetria
26.69097,-2.9678848,devastation
17.442083,51.31419,donna_troy
14.353423,50.11803,dotsia
6.9841704,17.396418,enoch
9.445562,41.95145,eugene_choi
10.81465,49.009026,exoristos
14.60734,49.394665,faruka_ii
9.430317,41.95937,frederick_freeman
26.282942,-3.0961235,frigga
13.849152,52.36216,hellene
12.316461,52.60005,hessia
15.991988,53.258995,hippolyta
15.667356,52.045128,imani
-11.643471,-35.318787,kaland_r
14.518054,52.696415,kalisto
15.983266,48.722485,magala
4.726604,30.1964,medusa
17.185196,50.753025,menalippe
17.210693,7.3083,mirand_r
-0.015599513,26.666372,mordecai_cull
14.161239,51.46321,myrina
15.468233,51.017048,narkissa
17.864195,-18.243078,nikos_aegeus
15.533763,50.09608,nubia
14.248027,50.425076,oenone
14.589621,49.964924,ophelia
13.214513,50.976624,orana
9.466214,41.949646,pedro_pe_a
13.475045,49.773483,penelope
14.553553,51.2165,philippus
10.185295,-48.464504,ra_s_al_ghul
17.77955,-18.29626,rachel_felps
13.381903,50.48301,rajya
14.099082,52.37641,thekla
17.831755,-18.262316,theseus
10.906388,48.35072,thor
14.99957,51.292862,tisiphone
15.6844,50.297398,wakumi
13.684798,50.150436,xandra
13.55139,51.551975,yasmin
14.995335,50.559357,zuma
3.1426973,-40.014595,selena
2.7185874,13.152791,caden_park
-4.3097014,23.577383,algon
4.4497094,1.80265,aluminum
2.390865,1.7931776,blackbird
-2.434861,23.682129,byth_rok
0.9224679,-11.634328,chang_jie_ru
4.4495916,1.8269067,copper
8.705885,-0.20710477,crush
-3.0932674,-5.076202,flexi
2.5597465,0.460978,gemini_de_mille
-3.2413454,23.771748,gold
-3.1916223,23.769161,iron
-3.2499037,23.749048,lead
-15.926493,29.155668,luke_o_brian
-16.850845,-3.2148569,lump
3.8291066,1.8948069,magnesium
4.5366735,1.7760795,mercury
-3.239592,23.737047,platinum
-2.1251292,15.42139,ralph_dibny
-3.9420536,23.361053,rex_mason
2.9284894,0.20958206,rita_farr
4.2789226,1.2278736,silicon
2.6145322,0.564302,spinebender
4.4399323,1.7959206,tin
-3.233071,23.756016,zirconium
6.1446347,-14.005935,alya
1.5929552,25.471542,armen_ikarus
4.66961,-15.099195,electrocutioner_ii
-9.18528,30.884256,elliot_caldwell
4.537306,-15.468792,jakeem_williams
6.5403247,-15.998665,jefferson_pierce
4.7714596,-15.409323,jennifer_pierce
-14.00362,-8.943341,kilg_re
-7.394761,9.912276,lana_lang
-15.905579,1.9788367,leslie_willis
4.5329304,-15.275385,lester_buchinsky
8.498099,42.12832,mary_bromfield
-8.8925705,30.360273,mecha_manta
4.68372,-15.255685,michael_michaels
3.6524906,-16.885344,mister_toxic
24.311262,7.2428246,nicolas_nolan
5.8659463,-13.481061,phillipe_rianne
4.83111,-15.13101,supercharge
-0.03536591,26.717768,suriel
6.1606297,-14.021959,thaddeus_volt
4.5784044,-15.14406,voltaic
-4.614082,49.54344,william_selkirk
4.528312,-15.241868,wilson_morgan
9.135545,-22.061714,albert_lim
-3.6639357,9.532358,onimar_synn
-24.354397,-12.159573,spark
0.23939773,1.5776411,abigail_arcane
8.445942,-44.092907,anton_arcane
8.57221,-43.75907,black_cloud_in_morning
27.589033,-7.8760357,kill
-21.47235,-8.448837,miiyahbin_marten
9.279561,1.8363137,miki
8.384853,2.0547585,ramsey_rosso
5.634891,-26.771408,sethe
-4.1556253,-5.019819,bekka
-11.965507,22.576572,dawn_granger
-1.4339879,-27.140257,deadly_six
0.44948468,-45.23216,djinn_ii
-12.079121,22.585161,donald_hall
-1.9528028,-27.939264,escalate
-1.6201535,-28.18618,grymm
7.408394,21.576117,jean_paul_valley
5.5805016,46.77222,khalis
-11.661292,-24.44861,lilith_clay
-6.725276,-40.81834,mangar_kunjer_kunja
-0.3117585,10.363279,showman
8.947087,-8.260372,sleez
-3.2971988,-23.26936,thaal_sinestro
13.387404,-34.299168,tsaritsa
0.5209687,-1.6138046,xrill_vrex
8.417495,-12.918807,alexander_sartorius
-2.5295696,27.029522,belial
8.290805,-13.952386,black_star
18.442884,-14.5894785,bone_dry
-11.228061,10.938101,clay_ramsay
7.9844947,-14.681663,cynnthia_mordeth
10.620818,18.52728,doomsday
8.3041725,-13.93096,enchanthrax
-14.984474,31.702362,eric_moran
-22.418951,-1.7187699,evil_star
14.65428,-21.139456,fleet_delmar
-21.400986,-5.847767,flower_of_heaven
16.177275,-40.541023,khaji_da
-23.458132,-3.101135,kimiyo_hoshi
-1.4178686,42.858326,komand_r
-8.136259,22.95075,koriand_r
9.615412,4.464699,lawrence_trainor
-21.660559,-6.809182,lime
-10.77285,36.07552,loose_cannon
-23.728157,-4.2306576,lucien_gates
-1.2009375,41.06813,mantis
-26.24808,-2.2614586,max_thrane
-24.101494,-2.9372604,nathaniel_tryon
-2.783479,28.103018,neil_quinn
-21.923323,2.3788388,nommo_balewa
8.310546,-13.932502,overload
8.363091,-13.074287,photine
-24.154966,-8.065865,raymond_terrill
-22.88742,-2.2596993,relic
7.56289,-3.9695263,roland_norcutt
-23.536198,-3.196053,sharon_vance
-12.799103,10.575346,super_man_zero
8.704153,11.5814295,turtle
4.4659967,28.796093,warhog
-25.030392,-11.161825,abin_sur
16.761429,-44.855213,asa
-24.783386,-10.807284,brokk
-25.328514,-11.018658,bzzd
-25.082012,-11.229441,chaselon
7.7447886,-46.937492,graciel
-25.69175,-10.150098,john_stewart
2.9375112,-10.789029,keli_quintela
-26.804573,-11.450003,kilowog
-23.978636,-7.7569137,langford_terrill
-15.787202,-12.8685665,lightweaver
6.8657727,-45.774426,maro_ito
-4.6071405,-42.589638,maxivermis_mind
24.477243,-23.999249,mick_rory
2.9244952,-10.800016,miguel_barragan
-18.666872,-5.6328464,mio
-8.5603,31.686323,quellzorn
-18.551222,-6.0459294,roy_g_bivolo
-25.334627,-10.914638,stel
-24.8624,-10.974679,tagort
-25.358932,-11.156653,tuebeen
-24.960337,-10.771351,volk
-25.030024,-10.769593,xax
13.046215,-26.129238,chad
-2.2945406,32.755157,grodd_ii
12.299499,-25.685562,jason_todd
13.036595,-26.136179,otto_frentz
2.9108765,12.093954,zade
2.40581,34.55572,albert_michaels
1.9583355,26.894245,alden_quench
-24.2065,-5.838332,arthur_light
-23.083303,1.0024691,ascalon
-19.828772,0.009564256,astrolas
-18.719585,-3.6219013,atom_master
-18.26372,-4.3422327,bette_sans_souci
-18.079193,-4.2085266,braze
-23.656733,-6.976749,brighteyes
3.42627,-41.1368,brother_blood
1.5633799,-30.135632,butcher
9.873674,-44.980343,cassandra_craft
-18.087372,-3.9449708,centerhall
-16.40708,6.415216,cole_cash
-9.356638,14.544844,computo
-16.535072,-4.2254047,fan
-8.991699,23.583033,curtis_metcalf
-18.63872,-3.5408895,cyclotron
-8.993676,23.587864,dataxen
-10.527712,22.966602,david_reid
-9.651042,13.536786,debutante
-1.6936669,26.435474,denny_swan
-18.512394,-1.6256407,derek_powers
-9.736109,13.507487,diego_irigoyen
-23.588001,-11.845714,drew_fisher
-20.996113,-1.3893337,dwayne_maillet
-25.143713,0.6098423,eirene
-5.809048,-21.36618,emma_deropalis
-21.477806,-0.94171095,eradicator
-25.025085,0.58146864,ghost_fist
-16.908731,-5.515203,gowt
-12.473387,19.1496,grid
-20.836023,-7.9429975,janine_fulton
-9.057308,23.594471,java
0.47941938,-30.69578,jed_oliver
-22.096964,-4.371037,jennifer_lynn_hayden
-20.714476,-8.544138,jessica_cruz
1.0323328,22.525906,jonathan_lane_kent
-22.868969,-0.076742165,jonathan_sorrow
-20.281769,-9.359684,karen_beecher
-18.75977,-3.8275187,kavga
-6.7949896,30.129269,kevin_kho
-24.397728,-5.651126,kiran_singh
-18.669207,-9.131135,krona
-18.290731,-3.543716,leash
-2.5189853,30.900854,leonid_kovar
-21.419191,-7.2405033,light
-8.357059,16.489958,lightray
-18.77217,-4.263609,lord_crash
-17.988432,-3.895853,mark_moonrider
-10.528899,22.962086,naomi_mcduffie
-19.248201,-0.35262603,neil_borman
-19.913046,-3.8977766,nigel_smut
-9.767288,13.544368,nuclear_man
-8.778254,13.396084,oblivion
-22.7649,-0.09253084,quell_mordeth
-20.766462,-7.855421,rachel_berkowitz
-21.47297,-0.9677643,rainbow_creature
-20.82788,-7.831748,rakshasi
-3.3173673,7.38731,reiser
-10.555416,21.63403,robinbot
-18.691828,-4.314139,scott_fischer
-18.44704,-4.1633735,serafina_baldaur
-18.104782,-2.193708,tinderbox
-18.191526,-3.5649872,tunguska
1.8967078,25.924992,ultra_humanite_ii
-23.524153,-6.9596624,violet_harper
-20.07141,0.60354537,x_hal
-0.016354267,38.40103,xotar
-16.902037,-5.5280685,zot
0.93758595,33.91083,abraham_attah
-5.264431,-33.416798,bridgit_pike
-1.3159552,19.383076,deceilia
-17.028067,-27.988083,dinah_drake
3.3680315,27.036167,john_henry_irons
-0.1964135,35.150036,shaggy_man
-2.195771,19.86054,henry_henshaw
-0.40358278,-14.4930105,william_glenmorgan
0.4520634,40.817764,lobo
-28.560722,37.155052,pup_pup
-16.934559,-16.39251,tristan_grey
6.6782846,-22.48875,arous
7.6071916,-21.950607,asaf
7.605027,-21.954054,clifford_devoe
-2.541127,-21.745142,dominic_lanse
3.357043,15.695749,gnarrk
7.421331,-21.811913,ingvie
11.301166,-5.296453,key
-10.597512,34.375134,mallah
7.5919952,-21.916952,robert_queen
7.435791,-21.97522,senshe
7.650794,-21.964989,thinker_ii
3.9869797,16.724546,topo
7.4486485,-21.974361,william_tockman
18.401333,-11.461561,cassandra_cain
18.400171,-11.464641,cody_barrow
23.242607,-6.162348,hunt
0.091687456,39.065735,kalibak
14.636803,-15.554339,berenice_yoon_milonas
-9.277366,-23.43975,blanque
13.656938,-15.7302265,carrie_cutter
14.815167,-13.66423,colin_nomi
14.694365,-15.585325,holly_hamden
3.138688,27.678032,jack_hawksmoor
22.509283,-7.093467,jacob_de_witt
15.553549,-15.091113,jade_tice
10.974597,10.181481,jared_kabe
14.633976,-15.583438,katherine_kane
14.681634,-15.417903,mister_combustible
14.584868,-15.600793,thylacine
14.402549,-16.599905,veronica_lopez
9.767782,49.331207,zannah_of_khera
-26.57947,35.78036,henry_clover_jr
-12.5248165,26.1942,james_gordon
9.710982,-18.82654,lee_hyland
-11.372191,31.252512,lin_canar
9.709578,-18.829165,philip_reardon
7.27629,-25.829536,death_man
6.2976294,-26.099005,delia_pflaum
6.275769,-26.113537,joseph_monteleone
-0.28163418,15.898388,robert_todd
-4.4927545,-25.213535,angela_hawkins_iii
-5.519879,-25.751047,cornelius_stirk
10.9759245,-22.980923,john_mobley
9.741991,-1.8130816,ruin_of_the_dreaming
-5.4477057,-25.89804,two_lobe
12.71992,-44.882835,viktor_mironov
-14.316705,-10.165381,a_calculus
1.332177,21.634222,adam_blake
-15.640765,-14.060912,adannu_fuginaut
-7.289843,9.564767,alix_harrower
-18.071445,-18.683678,annabeth_chamberlain
-14.385114,-17.201117,atlee
-14.23961,-10.143371,b_calculus
0.9824366,-42.067375,bat_mite
-7.353667,-8.627117,beatriz_da_costa
-15.359961,-16.053102,benjamin_reyes
24.283396,-29.602991,boston_brand
-0.36093947,0.7094947,brother_jacob
0.022786008,4.28801,burden
-17.893534,-15.517633,byron_shelley
-14.305575,-10.142708,c_calculus
-14.68263,-14.315715,charles_brown
-18.065203,-18.679867,chato_santana
17.887579,4.4388623,chroma
-14.964078,-13.863424,clay_irons
1.8945274,20.020338,creeper
-0.5850658,-32.987736,discordia
6.6514378,32.0059,drakul_karfang
7.7402363,0.96884793,element_dog
17.329891,5.2262197,gabriel
-14.219168,-13.107031,green_fairy
12.001584,-45.77695,gregorio_de_la_vega
-11.76387,-35.544712,heatstroke
-11.023315,-21.542215,hector_hammond
-14.888757,-14.896697,helium_ii
-11.109632,-21.340858,henry_king_sr
-3.806119,-5.717901,hestia
-14.676928,-14.332388,hymn
-12.760693,-35.9926,infernal_core
-1.9557773,19.248503,james_bronson
17.380383,5.2006874,jophiel
-3.7629516,-5.7732744,jumpa
-14.220339,-11.647624,kelex
-2.179602,29.754467,klerik
0.33165744,-33.083233,lawrence_bolatinsky
-13.103019,-36.18807,lucius_reynolds
-5.2621512,11.636271,luma_lynai
-12.725166,-13.408374,maggie
-3.3104608,-6.493937,manitou_dawn
-13.140723,-16.318386,marco_mardon
-15.121374,-13.907418,maxine_hunkel
-15.456117,-14.069217,missile
-10.927746,25.795895,natasha_irons
-10.9789,25.825714,nayeli_constant
-15.789003,-17.839483,neal_emerson
-14.286367,-10.176558,omega_calculus
1.6287993,20.13934,paladin
-14.492996,-14.440148,patrick_dugan
-1.2418854,18.256115,paul_booker
18.046038,5.4494286,pegasus
16.224041,7.9454722,peng_deilan
-17.494823,-16.09767,peter_duggio
-14.662425,-14.859037,ramsey_murdoch
-16.835543,-12.778697,reach
10.489594,-47.802387,saturna
-15.16998,-14.875351,sercy
-15.723715,-14.620888,shon
-12.181323,-15.052178,siobhan_smythe
-13.795455,-10.387291,skeets
11.1264925,-47.210384,skye_harper
-0.38926533,0.7400438,sondra_fuller
-14.919284,-14.096654,song_bird
-12.465617,19.14592,staggatron
-2.0024884,19.26141,streaky
16.621838,7.146203,suge
0.92010796,18.606058,tanya_spears
-14.381053,-17.208246,tara_markov
13.833215,9.849171,thanatos_god_of_death
-15.634332,-14.891394,thessia
-11.018748,25.832354,tiffany_evans
-3.7115545,-5.8234515,typhoeus
9.632647,4.263583,valentina_vostok
-15.57389,-14.315408,vanguard
1.487927,-40.986866,veronica_delacroix
-12.3435135,24.353775,vincent_velcoro
-15.5188,-14.736901,warth
-14.945546,-15.034257,ypsilos
11.752324,-47.50015,yz
-0.55151486,1.3586028,zauriel
-10.958211,25.788755,zizz
13.8212385,-32.005585,genji_sato
4.478773,-31.32574,jennifer_quarx
-11.634057,-27.230309,john_lynch
7.154565,-42.811916,satanis
11.366433,-14.057501,tao_jones
11.553889,-13.315701,zebra_man
-10.575593,-30.93284,brion_markov
-9.536588,-31.215351,nabil_azmah
-9.563112,-31.2298,roshanna_chatterji
-9.553063,-31.212843,sand_blaster
-10.939654,-30.950525,auntie_gravity
-13.63278,30.835594,geoffrey_thibodeux
17.126667,-44.68585,quentin_gallows
19.9926,-23.112282,ricardo
20.01461,-22.83925,simon_baz
6.543928,17.503767,detritus_ii
19.092554,-14.868886,doctor_skuba
12.091787,-44.61354,extriax
19.099663,-14.861731,lester_witz
10.913597,-2.3350728,maria_salvaje
19.12902,-14.878946,mortimer_coolidge
-2.6880662,-18.922901,crazy_quilt
25.27233,-4.6159954,izak_orato
-3.5179436,-20.342974,jervis_tetch
-7.0712357,-23.407799,maxwell_lord_iv
-2.6555893,-18.899462,tito_daka
-9.300601,-23.657328,bashir
10.094858,12.2111,desaad
-3.2906587,43.779312,dreamer_beautiful
-4.4517474,-28.013916,father_lost
-1.9822315,-24.78817,feedback
-4.380112,-23.178917,mother_partake
12.378586,-44.795704,preet
-10.51374,-24.14563,simon_jones
-1.9317197,-24.774048,solitary
-7.1168,-23.463173,wardell_chambers
27.186228,-9.247511,abel
9.012809,-35.779503,abyssal_dark
25.270996,-8.261699,adnan
24.782585,-9.594234,aladdin
24.39939,-6.7410426,anubis
26.10203,-7.834215,areto
24.305502,-7.054593,arthur_pendragon
1.3643796,36.02319,atlas_titans_of_myth
-2.690037,41.852627,bedlam
5.5410852,46.697315,bride
24.431686,-7.85087,castalia
25.227781,-6.6537375,cerberus
18.514591,1.2193482,charon
24.732214,-6.212753,clarice_sackville
23.119917,2.1695225,constant
22.473848,-5.3064175,cronus
28.532259,-4.5640106,derinoe
25.114254,-7.264861,doctor_leviticus
24.597206,-6.420261,ducra
25.640966,-6.5757055,edward_ruskin
-1.0064046,38.98326,elligh
24.978077,-8.058153,epione
26.495226,-7.132177,eros
26.439829,-6.6883817,euboea
24.30645,-7.4246984,eve
23.115955,2.1696806,forever_child
5.542164,46.700043,frankenstein
10.225408,11.4885025,freyja
25.826153,-6.9657574,glaucus
9.830464,12.743424,glorious_godfrey
17.298853,1.1592553,gnomon
24.017878,-5.115269,goran
10.3778105,17.65707,granny_goodness
10.208831,11.584501,gudra
26.052223,-6.2487736,hephaestus
1.0001774,36.10873,hercules
18.528986,1.3897007,iara
12.819109,13.5928335,intri
25.89166,-6.187118,io
4.88751,32.433273,ishmael
26.216347,-12.842419,john_dee
25.455307,-7.2678866,kachi
22.877272,-10.585358,karin_grace
24.666662,-7.2614713,kasia
18.51593,1.3913358,king_faraday
23.11208,2.1714056,klarn_arg
23.114483,2.1706402,kyra_arg
29.701305,-6.80608,magus
25.480679,-7.828092,mala
25.745335,-7.384856,marid
6.7702,19.192429,mazikeen
26.381166,-7.6332126,melmoth
25.856796,-8.013614,mervyn_pumpkinhead
26.414513,-4.915557,nemesis
19.940907,-38.196648,nephthys
19.823158,-39.037807,neron
-0.94402903,37.86968,orion
18.424616,1.285284,perseus
29.642773,-7.082613,rena
25.237309,-6.0773783,richard_flag_sr
3.7734864,-38.065487,s_aru
-0.5988907,40.676605,scot
25.438175,-6.026437,simon_hurt
26.20796,-6.905256,sofia
3.7665255,-38.04221,stalker
-2.9376051,41.91701,steppenwolf
-1.0542743,39.00536,tartarus
18.458899,1.4256446,themis
25.054989,-6.828976,uncle_sam
11.253055,11.765809,urzkartaga
4.9262667,32.744118,william_cobb
24.89107,-7.7456236,ystin
1.4002656,9.620058,albert_bloodlines
20.733656,-30.291746,bel_dame
0.78512716,9.508984,blake_bloodlines
-19.121954,20.55528,dolph_marrock
0.9761705,9.898033,haley_bloodlines
24.69787,-29.88878,amity_arkham
5.944386,-0.6073764,aviva_metula
23.76211,-29.421629,gary_lester
22.786867,-29.076752,james_craddock
22.921476,-29.214764,phade
-6.934517,-26.543135,smoke
1.906113,33.547077,flex_mentallo
2.150165,10.896241,guy_gardner
21.224731,-29.161846,agent
21.358715,-29.066755,imperceptible_man
21.316256,-29.051401,maya_ducard
21.275946,-28.957878,morgan_ducard
21.364046,-29.050877,raze
21.220257,-29.03827,swerve
21.279211,-29.107862,toni_rela
10.003525,18.47797,albrecht_krieger
-2.669338,9.382653,alejandra_cortez
-2.4850667,10.193204,hannibal_hawkes
-2.7605944,9.425148,katherine_manser
0.47468022,-7.9447417,mawzir
0.16508871,-7.9299703,night_pilot
-0.55190593,-9.319378,pablo_valdez
-2.601594,9.434739,sally_sarasota
0.16041246,-7.929041,sigur_r
-0.055728737,-7.6270733,wayne_hawkins
9.770428,-39.931805,ali_ka_zoom
11.207693,-41.212917,aurora
10.481216,-42.539474,baron_winters
1.3706375,28.070805,blaze
9.807742,-41.271023,calculha
10.211304,-40.298042,damian_wayne
-10.2763815,31.272146,dark_opal
4.3259516,-42.96131,december_graystone
9.679407,-42.32234,deimos
11.525551,-42.07456,diablo_blacksmith
11.170411,-42.882214,doctor_chaos
12.564232,-36.336723,eleanor_reynolds
11.719258,-41.07007,elzere
4.3355446,-42.9877,fauna_faust
10.835791,-40.319183,garn_daanuth
11.035626,-42.26298,giovanni_zatara
13.777366,-41.381363,graceful_moon
1.2199714,27.892443,groa
3.7317882,-40.41645,iroque
11.784231,-40.753876,jaimini_sargent
15.00446,-38.085236,james_corrigan
9.551554,-42.082367,jennifer_morgan
13.775408,-41.380726,jinx
10.305672,-41.161247,john_sargent
14.072883,-43.22501,joseph_blackfire
9.721627,-42.942932,june_moone
9.280802,-42.573547,kalista
3.8422117,-40.447113,ken_ondaate
10.37275,-42.60353,kulak
-5.5519986,-39.936256,majistra
9.1884575,-41.93161,mark_merlin
11.744515,-41.48618,miles_st_aubrey
3.7846599,-40.467453,mister_e
7.6780186,-38.156116,mister_twister
8.853408,-41.520344,moish
11.0014105,-40.441402,mordiel
9.994975,-41.978405,nabu
14.554134,-43.11501,otto_haddon
4.4692163,-39.852024,pandora
-6.2588124,-40.11776,philip_stark
10.694799,-41.00438,questing_queen
11.708074,-42.615646,ra_man
-6.281102,-40.127094,rebecca_carstairs
11.095142,-41.263596,richard_occult
9.3679495,-40.809322,roberto_diaz
11.85621,-42.089836,silverfin
10.99055,-41.950966,sindella
4.480888,-40.866646,tannarak
10.874611,-43.22829,tatsu_toro
9.174204,-41.46386,thomas_spuggs
10.372339,-41.486523,traci_thirteen
8.428725,-39.2082,uvian
9.890059,-40.988853,william_zard
10.537408,-41.835663,wishbone
10.299108,-42.981457,xanadoth
-6.277803,-40.189003,zachary_zatara
-15.822561,-18.351982,frances_kane
0.09540428,-11.916184,rocker_bonn
0.6371258,-20.710306,adele_benson
0.90403533,-2.5452018,adrianna_anderson
0.63478863,-20.723543,alphina
0.63774955,-20.732676,harbinger
3.324163,-30.808691,zalika
6.2263303,-0.029203514,angela_spica
1.4697226,-1.5037969,askana
1.4244435,-1.3827114,blank
-15.478633,29.370487,clownface
7.01115,0.4373149,emily_sung
1.4030955,-1.5612139,erik_drekken
-8.973465,-27.24762,gayle_marsh
6.045922,0.18298218,glob_of_the_dreaming
0.6578385,7.2335505,jaime_reyes
1.5136417,-1.4620705,katherine_karlo
-2.5954106,12.627806,malware
1.4622966,-1.4597007,ra_ut_l_lwer
-5.292501,32.3475,william_wu
-0.48281497,33.462086,amos_aimes
-9.447533,-24.608982,breuer
-5.594028,-22.52081,charles_wilson
-3.728287,-21.689592,edith_wells
-3.8396165,-21.620146,ethan_cobblepot
-3.9149752,-21.611382,hypnotic
-3.8079834,-21.61796,lisly_bonner
-3.9007256,-21.558744,roman_sionis
-3.8556867,-21.586813,sin_tzu
-9.466612,-24.605835,steven_dayton
10.495615,-28.022945,baby_boom
0.6352627,-17.907187,henry_king
0.6468778,-17.92828,kani
0.6851966,-17.907091,seamus_o_brienn
0.6604243,-17.870697,selinda_flinders
2.2269404,-29.254667,porter_vito
2.1834068,-29.971762,sky_alchesay
15.98756,-36.768696,life_entity
15.967949,-36.79187,the_cosmic_raptor
5.915471,-33.620743,adam_strange
22.00723,-11.23808,deadline
-17.367247,19.796038,burnrate
-2.798386,-28.333412,inquisitor
-2.8165815,-28.380898,joystick
-2.833505,-28.330778,scrambler
-4.15983,-27.991571,white_mercy
13.050438,1.5612192,joshua_michael_allen
8.891935,-6.893232,lori_zechlin
12.356675,0.64604187,rudolph_jones
8.889527,-6.8838663,zombie
11.4555,-22.441893,anapel
11.404144,-22.44056,ate
-10.171535,-38.621124,h_ronmeer
11.438589,-22.401474,jesus_of_nazareth
11.401258,-22.432571,munmu
3.3206913,8.683647,s_ivaa
15.480454,-21.989351,anthony_gambi
15.471162,-21.976013,joel_cochin
15.494193,-21.995583,quiz
19.99828,-21.96229,kahina
0.9111109,-34.790447,l_call
14.702748,0.40780708,oracle
20.0018,-21.967278,sayeh
-9.546918,-17.607603,dora_leigh
-0.4045999,-14.485626,dogwelder_ii
1.4597722,-25.440725,daryl_gutierrez
1.4087712,-25.461142,dorothy_spinner
1.4712845,-25.423773,jill_hampton
-9.236047,-36.673496,arson
-8.690532,-37.225,dawnfire
-9.421744,-37.410027,ezekiel_silverlock
-7.6642857,-35.92856,gorin_sunn
-7.9441514,-36.071648,hotness
-8.962293,-37.644516,isaiah_crockett
-9.628311,-37.62628,joseph_rigger
-9.882581,-37.177948,judas_silverlock
-9.44404,-37.694256,olive_silverlock
-8.8464,-36.899303,phosphorus_rex
-9.8377,-37.223816,raza_kattuah
-9.227052,-36.54333,robert_lane
-8.91342,-36.9586,roxanne_spaulding
-9.564035,-36.693108,sybil_silverlock
-9.048746,-37.86998,temperance_silverlock
-9.682223,-36.968826,verity_silverlock
-8.809618,-37.42563,zara
1.4835155,-15.509448,rake
4.701013,-34.13784,eric_morden
13.792992,-31.245474,meredith_clatterbuck
13.809613,-31.233154,rac_shade
13.80269,-31.223377,rick_rex
3.936064,31.311043,albertus_grimley
-13.095175,32.937805,cyrus_gold
7.9612103,-25.550062,gusano_tribb
0.6841918,16.556206,karl_helfern
4.262786,19.983194,mark_scheffer
8.5325,-25.466778,rack
8.5240755,-25.465721,ruin
-3.5966597,37.69295,sheba
-13.294524,32.881523,solomon_grundy_clone
11.764726,-12.38392,avion
11.744921,-12.414516,brian_kent
5.951282,18.775805,father_time
11.709017,-12.402847,hath_set
11.818447,-3.452764,julian_day
2.6302977,14.317535,susan_su
11.737261,-12.411669,ted_grant
-12.167117,-13.178211,kimberly_rebecki
-10.089305,-10.011104,a
-2.2626188,12.564076,blood_rose
-10.100748,-10.013045,brill
-10.102516,-9.994467,c_h_a_d
-10.090058,-10.0155325,robot_f
-0.38790274,-23.796867,vostok_x_ii
9.173507,-9.574545,albert_rothstein
9.199133,-9.506706,anomaly
6.3778443,14.974433,armageddon_iii
4.684847,13.477349,dane_maxwell
-14.213373,30.436472,doris_zuel
12.464418,2.0277116,george_the_hyena
9.196446,-9.554004,gerald
9.235568,-9.501263,growth
4.6829515,13.464062,n_odens
-11.696305,35.63276,oleg_balinoff
9.183666,-9.592635,raynunn
-14.077893,30.532192,toto
-16.416935,-27.033257,alexei
-16.287655,-27.201056,ditto
-16.446539,-26.960054,garrett_smythe
-16.210657,-27.1687,honor_guest
-16.486923,-27.253695,lisa_drake
-16.22462,-27.243519,malcolm_duncan
-15.059498,-27.090185,shauna_belzer
-16.548542,-26.950386,virgil_myers
-16.603172,-27.286545,yao_fei
12.078054,-25.524569,john_thunder
2.504633,-25.475468,neon_ii
-9.497982,34.507984,bradley_glenn
-4.2111135,39.931618,edgar_ridgley
-3.52609,43.238625,forager
-3.4842567,42.865604,lashina
0.68403906,34.64253,major_force
-2.1014664,15.360196,benjamin_turner
-8.37611,35.95439,big_barda
5.1903963,18.631504,brute_of_the_dreaming
-2.3187156,31.950993,moon_robinson
-8.451332,36.001728,valda
-10.383042,32.611393,aaron_helzinger
-11.567292,38.017284,adrian_ballard
1.1608806,34.18091,anthony_woodward
-9.376398,32.681564,appex
-9.458276,33.4236,arnold_pruett
-5.3070836,33.028103,athena_tremor
-4.589801,37.792683,atlas
-4.584923,37.773827,baran_flinders
-5.3033175,32.964996,bernadeth
-9.657023,33.14154,brute
3.8889942,30.048573,chemo
1.1677349,34.10857,congorilla
2.3544984,28.798449,daisy_langdon
2.9911816,29.07965,daniel_brickwell
-18.724777,20.979738,daniel_garrett
2.4745502,29.30876,deity
-10.370441,32.894745,dia
2.381933,29.205605,fang_zhifu
-5.231084,33.000114,gilotina
2.8101156,28.82369,goldrush
2.900731,29.211214,granite_janet
-12.263718,33.01742,grundette
-8.61197,33.851196,harleen_quinzel
-18.708488,21.030424,henry_heywood
2.9685426,29.023087,ignatius_ogilvy
-10.214113,33.21786,kor
-9.342498,32.766758,lance_gallant
-9.226233,33.00061,malhedron
2.5167706,29.485317,pallas
-9.55915,32.36111,rad
-18.709589,20.983105,raptor
2.6240633,28.660433,razorjane
2.9240365,29.400019,richard_brinke
-11.088959,36.1064,roland_desmond
-9.809936,33.390568,russell_tavaroff
-10.218837,33.10348,salvaxe
-9.640667,32.375103,shox
-9.82933,33.095406,skull_crusher
-1.4098519,31.470285,snowflame
-5.331177,32.957714,stompa
-9.864839,32.2942,thumpa
-10.188785,32.393482,torpedoman
2.4338756,28.855478,tusk
-10.265813,32.594795,uno
3.4075334,-6.950932,gabriella_rossetti
3.3907733,-6.899998,jaculi
3.4339404,-6.893623,wind
1.2169833,13.153044,al_x
1.3063616,11.977484,carol_ferris
0.09740873,11.717455,crimson_centipede
-0.20494635,13.275865,donna_morris
1.4598091,12.808431,dynamix
0.8430754,12.933116,elephant_man
0.75615776,14.709007,elliot_spaulding
0.24452716,13.472556,feng_rongpei
0.3787667,12.009673,ferdinand
4.7196283,17.829527,garfield_logan
1.4406922,12.242543,genocide
4.9735823,18.240578,george_harkness
0.9497947,12.222394,gorilla_grimm
0.7680161,11.55476,holly_mckenzie
0.4067806,11.674314,jackanapes
-0.19928437,12.904962,julius_caesar
3.934922,18.295202,margoth
-1.8804793,14.202602,mark_desmond
0.7455371,12.549619,miguel_montez
0.9786745,11.840376,mongul_ii
-0.21512175,12.180135,nol_anj
1.1455623,13.348847,paulie_mcgillicuddy
0.74861455,13.392345,petite_tina
0.09927857,12.322956,randy_hanrahan
0.48633137,12.623285,rush_ii
4.985473,18.28024,sam_simeon
0.24297206,12.989152,shaggy_boy
1.535246,12.554711,snakepit
-0.44712362,12.684283,stone
0.3644563,13.396968,van_helsing
-0.43841857,12.353533,zushan
-9.124855,-26.078732,dubbilex
-9.114803,-26.11831,jennifer_soul
-10.748956,-26.861322,jordan_weir
-10.739833,-26.862371,nax
-9.162744,-26.038898,pren_nuparr
-9.160802,-26.078812,relay
-9.198713,-26.015244,susan_tompkins
-6.5766926,-26.541185,peter_howard
-6.587549,-26.558203,xeen_arrow
3.3465538,-32.633392,blur
2.7579384,-31.972057,carl_draper
2.7497442,-32.76944,cell_phone_sylvia
2.72308,-32.702293,crosscut
1.518251,-32.241444,edward_bloomberg
2.9680598,-31.936724,emil_lasalle
3.0434434,-32.93085,jason_phillips
3.4663584,-31.96793,lashawn_baez
3.162933,-31.887222,maurice_boviere
3.6066425,-32.682053,porter
2.5571623,-32.453968,preon
2.9275606,-32.253613,promethea
3.6843405,-32.146973,question
3.6416073,-32.720467,tomar_tu
3.2571905,-32.968105,wink
3.5042691,-32.09901,xiomar
-5.282493,-33.44288,martina_dementieva
4.119901,-21.130129,elizabeth_kane
4.1322093,-21.12348,jonathan_crane
4.129921,-21.128504,patient_zero
3.4661956,-18.537748,dylana_dean
11.292376,0.97968143,guy_mandrake
3.4510477,-18.51899,linda_friitawa
12.361505,-18.955061,midnight_man
12.332754,-18.994837,mister_stubbs
12.35579,-18.963537,robert_reed
11.316108,-0.8526891,adelia_ruskin
10.720718,0.0046210713,asp
10.7037525,-0.973587,bloodvessel
10.526642,-0.06771088,carlo_sal_n
10.209813,-0.6962937,cottonmouth
10.778553,-0.02418326,folding_paper_man
11.267755,-1.1325766,glory_griffin
11.142053,-0.3122813,hank_the_dog
10.347834,-0.86556363,jay_young
11.519322,-0.50418735,lady_viper
10.686368,-1.2038133,lamprey
10.946189,-0.51605415,mary_worth
10.185205,-0.3939142,michael_taylor
11.268004,-1.1408604,noble
10.594587,-1.2136246,repulso
10.160148,-0.46526346,scatter
11.35641,-0.101970896,thinker_artificial_intelligence
11.520841,-0.42578056,virule
-12.575834,-16.756182,sarah_rainmaker
-0.9482222,-10.456583,alfred_pennyworth
-1.0109789,-10.383405,designer
-1.0060619,-10.367476,mother_ii
